Region,Installation,RPUID,Asset_Name,build_dt,RM,Sustainment,FCI,ICI,Visit Date,Net_Profit,Population,Profit_per_pop,ConditionCombo,ICI_Exist,Q-Rating
MCIEAST,MCAS Beaufort,1156228,PREMIUM GASOLINE @ EXCHANGE,1/1/2003,2455.00,9521.40,95,80,1/23/2013,,4000,,80,Y,Q1
MCIEAST,MCAS Beaufort,1156229,UNLEADED GASOLINE @ EXCHANGE,1/1/2003,2455.00,9521.40,95,,,,4000,,95,N,Q1
MCIEAST,MCAS Beaufort,1300242,LOADING DOCK @ MCX,1/31/2017,0.00,155.86,100,,,,4000,,100,N,Q1
MCIEAST,MCAS Beaufort,1300246,FUEL DISPENSING CANOPY @ MCX,1/31/2017,0.00,614.29,100,,,,4000,,100,N,Q1
MCIEAST,MCAS Beaufort,1300248,FUEL DISPENSING TANK @ MCX,1/31/2017,0.00,12468.00,100,,,,4000,,100,N,Q1
MCIEAST,MCAS Beaufort,1300249,FUEL DISPENSING TANK @ MCX,1/31/2017,0.00,5195.00,100,,,,4000,,100,N,Q1
MCIEAST,MCAS Beaufort,1300267,7 DAY STORE ELECTRONIC SIGN,7/1/2003,0.00,166.85,100,,,,4000,,100,N,Q1
MCIEAST,MCAS Beaufort,1300268,MCCS EVENTS ELECTRONIC SIGN,7/1/2003,0.00,166.85,100,,,,4000,,100,N,Q1
MCIEAST,MCAS Beaufort,1340325,AFTERBURNERS SIGN,9/17/2018,102.95,166.85,99,,,,4000,,99,N,Q1
MCIEAST,MCAS Beaufort,31834,TEMPORARY LODGING FAC ADD,8/13/2002,709908.60,59362.83,88,,,,4000,,88,N,Q1
MCIEAST,MCAS Beaufort,32484,O CLUB STORAGE,1/1/1991,16310.85,8503.18,93,,,,4000,,93,N,Q1
MCIEAST,MCAS Beaufort,32912,MCCS CARWASH,11/1/2001,9202.38,3057.14,92,,,514947.44,4000,128.73686,92,N,Q1
MCIEAST,MCAS Beaufort,34775,BATHHOUSE,7/1/1967,145776.32,25406.46,86,,8/2/2016,157397.61,4000,39.3494025,86,N,Q1
MCIEAST,MCAS Beaufort,34781,MWR LOCATION EXCHANGE,7/5/1995,251896.40,48595.65,88,,,17191221.93,4000,4297.805483,88,N,Q1
MCIEAST,MCAS Beaufort,34792,MCCS LB CAR WASH,2/3/2007,16090.69,2915.75,87,,,244142.7,4000,61.035675,87,N,Q1
MCIEAST,MCAS Beaufort,35735,EXCHANGE CENTRAL WAREHOUSE,3/1/1975,115545.94,6819.22,83,,,,4000,,83,N,Q1
MCIEAST,MCAS Beaufort,548411,BOQ,10/31/1955,3939278.59,304065.20,77,,,,4000,,77,N,Q2
MCIEAST,MCAS Beaufort,548413,AFTERBURNERS EM CMMNITY CLB AND SUBWAY,7/1/1956,308918.43,44511.97,88,95,8/4/2016,-158724.37,4000,-39.6810925,95,Y,Q1
MCIEAST,MCAS Beaufort,548414,OFFICERS CLUB,4/5/1956,782884.34,120039.27,83,97,8/4/2016,-1574506.05,4000,-393.6265125,97,Y,Q1
MCIEAST,MCAS Beaufort,624330,TEMPORARY LODGING FACILITY,11/1/1989,1764954.94,126502.46,86,96,,16064066.67,4000,4016.016668,96,Y,Q1
MCIEAST,MCAS Beaufort,624339,GOLF DRIVING RANGE,9/14/1994,21833.76,7616.07,92,,,,4000,,92,N,Q1
MCIEAST,MCAS Beaufort,624370,MWR CARWASH,7/1/1994,5100.00,3819.45,89,,,,4000,,89,N,Q1
MCIEAST,MCAS Beaufort,624403,COVERED BOAT STORAGE,1/1/1997,1510.25,1127.52,95,,,,4000,,95,N,Q1
MCIEAST,MCAS Beaufort,625024,MCAS BASE EXCHANGE,1/15/2003,1182006.28,25354.77,86,95.5,8/4/2016,55032130.6,4000,13758.03265,95.5,Y,Q1
MCIEAST,MCAS Cherry Point,1066055,(MCCS) CONSOLIDATED CLUB,8/25/2010,507675.33,147034.14,85,96,11/28/2017,1641763.43,6874,238.8366933,96,Y,Q1
MCIEAST,MCAS Cherry Point,1165462,(MCCS) PELICAN POINT RV PARK OFFICE BLDG,4/1/2013,1427.94,1050.74,92,90,11/29/2017,,6874,,90,Y,Q1
MCIEAST,MCAS Cherry Point,1165463,(MCCS) PELICAN POINT RV PARK CAMPGROUND,4/1/2013,0.00,18055.55,100,,,2689897.6,6874,391.3147512,100,N,Q1
MCIEAST,MCAS Cherry Point,1165488,(MCCS)PELICAN POINT RV PARK BATH-LAUNDRY BLDG,4/1/2013,4811.28,3540.34,92,90,11/29/2017,,6874,,90,Y,Q1
MCIEAST,MCAS Cherry Point,1321950,HANCOCK MARINA BOAT STORAGE LOT  (MCCS),7/1/1980,0.00,3283.64,100,,,,6874,,100,N,Q1
MCIEAST,MCAS Cherry Point,1322933,(MCCS) WELL BUILDING (GOLF COURSE),7/1/1984,0.00,710.31,82,,,,6874,,82,N,Q1
MCIEAST,MCAS Cherry Point,1372571,PELICAN POINT EQUIPMENT SHED (MCCS),7/1/2011,18805.60,1392.26,80,,,,6874,,80,N,Q1
MCIEAST,MCAS Cherry Point,14092,(MCCS) PUBLIC TOILET (DRIVING RANGE),7/1/1999,8000.33,1716.11,87,,,,6874,,87,N,Q1
MCIEAST,MCAS Cherry Point,17523,(MCCS) THE ROAD HOUSE,12/1/1970,305432.05,21696.84,65,89,11/28/2017,5005216.55,6874,728.1374091,89,Y,Q1
MCIEAST,MCAS Cherry Point,18309,(MCCS) GOLF COURSE,7/1/1945,788782.60,73572.71,80,,,,6874,,80,N,Q1
MCIEAST,MCAS Cherry Point,18310,(MCCS) DRIVING RANGE GOLF,1/1/1991,54584.40,7616.07,80,,,,6874,,80,N,Q1
MCIEAST,MCAS Cherry Point,18355,(CLC-21) AIR PASSENGER TERMINAL (MCCS),2/1/1989,14218.93,3213.85,88,,,,6874,,88,N,Q1
MCIEAST,MCAS Cherry Point,19128,(MCCS) GOLF CLUB (MAINTENANCE BLDG),3/1/1976,88363.08,3354.82,61,,,,6874,,61,N,Q3
MCIEAST,MCAS Cherry Point,19266,ADMIN OFF (IPAC/MCCS/LIBRARY/FRC/TAX CENTER),7/1/1942,306451.52,22409.53,66,93,11/29/2017,1588917.89,6874,231.1489511,93,Y,Q1
MCIEAST,MCAS Cherry Point,19294,MARINA HANCOCK (MCCS),3/3/1980,253932.60,9196.89,80,,,,6874,,80,N,Q1
MCIEAST,MCAS Cherry Point,19298,(MCCS) EXCHANGE RETAIL/COMMISARY,4/10/1982,11430611.01,110615.23,85,90.33333333,11/28/2017,72023213.48,6874,10477.6278,90.33333333,Y,Q1
MCIEAST,MCAS Cherry Point,19298,(MCCS) EXCHANGE RETAIL/COMMISARY,4/10/1982,7620407.34,110615.23,85,93.5,11/29/2017,72023213.48,6874,10477.6278,93.5,Y,Q1
MCIEAST,MCAS Cherry Point,19470,ENGINE OVERHAUL-TEST BLDG (FRC/MCCS),7/1/1944,45298.96,16089.41,94,78,11/28/2017,6682444.8,6874,972.1333721,78,Y,Q2
MCIEAST,MCAS Cherry Point,19481,OVERHAUL-REPAIR SHOPS(FRC/MCCS),7/1/1943,84783.84,26349.52,94,81,11/28/2017,,6874,,81,Y,Q1
MCIEAST,MCAS Cherry Point,19514,(DLA/MCCS/BAND) GEN WHSE/BULK,7/1/1943,183116.52,26319.81,74,,,,6874,,74,N,Q2
MCIEAST,MCAS Cherry Point,19593,(MCCS) GOLF COURSE SHELTER (HOLE 18 TEE BOX),6/1/1960,4165.20,179.17,80,,,,6874,,80,N,Q1
MCIEAST,MCAS Cherry Point,19803,(MCCS) CONCESSION CENTER-EXCHANGE,5/15/1998,257651.85,37041.48,86,,,35731960.71,6874,5198.132195,86,N,Q1
MCIEAST,MCAS Cherry Point,20049,(MCCS) HAZ WASTE STORAGE AREA (GOLF MAINT),1/13/1995,30827.94,4867.16,94,,,,6874,,94,N,Q1
MCIEAST,MCAS Cherry Point,20069,(MCCS) GOLF MAINTENANCE FACILITY,7/11/2007,61638.07,19037.69,87,,,,6874,,87,N,Q1
MCIEAST,MCAS Cherry Point,20073,(MCCS) CHERRY POINT INN,9/1/1944,3480579.06,129536.91,74,,,1471679.95,6874,214.0936791,74,N,Q2
MCIEAST,MCAS Cherry Point,20590,VIP GUEST HOUSE (CAROLINA HOUSE),7/1/1942,220230.72,8769.42,80,,,,6874,,80,N,Q1
MCIEAST,MCAS Cherry Point,20608,(MCCS) GOLF COURSE SHELTER (HOLE 15 TEE BOX),6/1/1960,3357.60,144.43,80,,,,6874,,80,N,Q1
MCIEAST,MCAS Cherry Point,20615,(MCCS) GOLF COURSE SHELTER (HOLE 8 TEE BOX),6/1/1961,3168.20,136.28,80,,,,6874,,80,N,Q1
MCIEAST,MCAS Cherry Point,20616,DAM - EARTHEN - GOLF COURSE 9TH MCCS,6/1/1964,28406.40,1091.45,80,,,,6874,,80,N,Q1
MCIEAST,MCAS Cherry Point,20617,(MCCS) GOLF COURSE SHELTER (HOLE 4 TEE BOX),6/1/1961,4165.20,179.17,80,,,,6874,,80,N,Q1
MCIEAST,MCAS Cherry Point,20618,(MCCS) GOLF COURSE SHELTER (HOLE 2 TEE BOX),6/1/1960,4080.20,175.51,80,,,,6874,,80,N,Q1
MCIEAST,MCAS Cherry Point,20627,(MCCS) WELL,7/1/1984,2718.40,1096.94,80,,,,6874,,80,N,Q1
MCIEAST,MCAS Cherry Point,21073,(MCCS) 7 DAY STORE,5/20/1942,490268.10,17123.63,72,85,11/28/2017,39443525.14,6874,5738.074649,85,Y,Q1
MCIEAST,MCAS Cherry Point,21096,(MCCS) GOLF CART STORAGE (DRIVING RANGE),2/1/1972,63890.26,18323.77,86,,,,6874,,86,N,Q1
MCIEAST,MCAS Cherry Point,21097,(MCCS) GOLF CLUBHOUSE,6/1/1972,251180.95,59326.18,76,78,11/29/2017,4212125.28,6874,612.761897,78,Y,Q2
MCIEAST,MCAS Cherry Point,21134,MEDICAL/DENTAL CLINIC-CHERRY POINT (MCCS),7/1/1994,18618.75,3086.10,85,78,11/28/2017,1488697.75,6874,216.5693555,78,Y,Q2
MCIEAST,MCAS Cherry Point,21262,(MCCS) GOLF CART STORAGE (DRIVING RANGE),4/13/1987,70638.82,20259.27,86,,,,6874,,86,N,Q1
MCIEAST,MCAS Cherry Point,21264,A/C REWORK SHOP (FRC/MCCS),1/29/1990,44768.95,22261.61,94,78,11/28/2017,,6874,,78,Y,Q2
MCIEAST,MCAS Cherry Point,21500,TACO BELL / PIZZA HUT,4/1/1996,264395.56,25916.59,78,85,11/28/2017,16238744.59,6874,2362.342827,85,Y,Q1
MCIEAST,MCAS Cherry Point,22032,(MCCS) ELECTRONIC SIGN (MCX),7/1/1990,823.60,166.85,92,,,,6874,,92,N,Q1
MCIEAST,MCAS Cherry Point,22131,(MCCS) EXCHANGE SERVICE BLDG,6/26/1998,416501.37,115059.79,88,99,11/28/2017,4754538.43,6874,691.6698327,99,Y,Q1
MCIEAST,MCAS Cherry Point,22135,PICNIC SHELTER-GOLF COURSE (MCCS),10/19/1997,9449.35,756.39,95,,,,6874,,95,N,Q1
MCIEAST,MCAS New River,1006491,GAS STATION,10/14/2008,29325.90,70143.48,91,,,,6301,,91,N,Q1
MCIEAST,MCAS New River,1013636,RV/BOAT STORAGE,9/11/2009,180215.53,61120.40,89,,,,6301,,89,N,Q1
MCIEAST,MCAS New River,1169053,CAR WASH,7/14/2009,18253.69,11710.52,91,,,288399.58,6301,45.77044596,91,N,Q1
MCIEAST,MCAS New River,1203142,CONCESSION STAND / RESTROOM @ BALLFIELDS,8/7/2013,6443.75,3202.29,89,,,,6301,,89,N,Q1
MCIEAST,MCAS New River,1237618,BOAT STORAGE,3/31/2015,6889.30,2570.17,90,,,,6301,,90,N,Q1
MCIEAST,MCAS New River,1277258,MARINE MART,7/1/2016,46801.40,8909.86,93,94,11/1/2017,18476423.6,6301,2932.300206,94,Y,Q1
MCIEAST,MCAS New River,1320370,CANOPY,1/25/2018,0.00,118.25,96,,,,6301,,96,N,Q1
MCIEAST,MCAS New River,40138,CORNER CAFE & BARBER SHOP,12/19/2002,72520.81,5160.27,83,93,11/1/2017,8084025.43,6301,1282.974993,93,Y,Q1
MCIEAST,MCAS New River,40141,MARINA SUPPORT BLDG,6/21/1961,348797.79,82603.34,78,96,11/1/2017,314180.36,6301,49.86198381,96,Y,Q1
MCIEAST,MCAS New River,42427,FAMILY SERVICES CENTER,3/1/1975,196128.12,85154.03,82,,,-653.62,6301,-0.103732741,82,N,Q1
MCIEAST,MCAS New River,42832,BOWLING ALLEY,2/12/1968,578720.20,63745.81,74,88,11/1/2017,4197519.25,6301,666.167156,88,Y,Q1
MCIEAST,MCAS New River,43233,SINGLE MARINE PROGRAM CENTER,9/6/1983,160438.52,23450.47,83,,,-145706.04,6301,-23.12427234,83,N,Q1
MCIEAST,MCAS New River,43234,LOCATION EXCHANGE,9/23/1982,645482.46,49683.79,84,98,11/1/2017,158661190.7,6301,25180.31911,98,Y,Q1
MCIEAST,MCAS New River,43236,EXCHANGE SERVICE OUTLETS,7/1/1999,171513.48,10799.77,87,97,11/1/2017,6183236.16,6301,981.3102936,97,Y,Q1
MCIEAST,MCAS New River,43715,BOQ,10/18/1967,4297910.40,307868.06,84,,,,6301,,84,N,Q1
MCIEAST,MCAS New River,43717,OFFICERS CLUB/OPEN/,7/1/1954,1585880.40,137710.07,70,98,11/1/2017,5408748.02,6301,858.3951785,98,Y,Q1
MCIEAST,MCAS New River,550615,CONCESSION PAD  MARINA,7/1/2006,666.80,57.33,90,,,,6301,,90,N,Q1
MCIEAST,MCB Lejeune,1006328,REC LODGE ONSLOW BEACH,12/16/2008,19700.89,5477.39,89,,,,38778,,89,N,Q1
MCIEAST,MCB Lejeune,1006331,REC LODGE ONSLOW BEACH,12/16/2008,23282.87,5477.39,91,,,,38778,,91,N,Q1
MCIEAST,MCB Lejeune,1027349,MARSOC SOF HEADQUARTERS,9/16/2009,92028.86,20788.49,89,,,762798.7,38778,19.67091392,89,N,Q1
MCIEAST,MCB Lejeune,1084197,REC LODGE ONSLOW BEACH,5/3/2011,13673.87,5974.13,90,,,,38778,,90,N,Q1
MCIEAST,MCB Lejeune,1084199,REC LODGE ONSLOW BEACH,5/3/2011,16171.11,5495.13,89,,,,38778,,89,N,Q1
MCIEAST,MCB Lejeune,1101691,REC LODGE ONSLOW BEACH,9/16/2011,37732.59,5495.13,90,,,,38778,,90,N,Q1
MCIEAST,MCB Lejeune,1101692,REC LODGE ONSLOW BEACH,9/16/2011,17967.90,5495.13,89,,,,38778,,89,N,Q1
MCIEAST,MCB Lejeune,1119184,CANOPY @1231 LAWN & GARDEN,9/30/2011,30992.56,8349.40,87,,,,38778,,87,N,Q1
MCIEAST,MCB Lejeune,1127026,MARINE MART/CAR WASH,12/7/2011,52368.06,9357.25,92,85,11/2/2017,42090465.36,38778,1085.421253,85,Y,Q1
MCIEAST,MCB Lejeune,1127028,FILLING STATION,12/7/2011,58651.80,46762.32,97,,,,38778,,97,N,Q1
MCIEAST,MCB Lejeune,1150925,REC LODGE ONSLOW BEACH,10/2/2012,28787.85,6772.44,87,,,,38778,,87,N,Q1
MCIEAST,MCB Lejeune,1150927,REC LODGE ONSLOW BEACH,5/23/2012,21561.48,5495.13,89,,,,38778,,89,N,Q1
MCIEAST,MCB Lejeune,1150928,REC LODGE ONSLOW BEACH,5/23/2012,14374.32,5495.13,91,,,,38778,,91,N,Q1
MCIEAST,MCB Lejeune,1151077,REC LODGE ONSLOW BEACH,5/23/2012,12577.53,5495.13,90,,,,38778,,90,N,Q1
MCIEAST,MCB Lejeune,1152867,SKEET HOUSE #1,9/7/2011,3301.12,667.59,91,,,,38778,,91,N,Q1
MCIEAST,MCB Lejeune,1153853,SKEET HOUSE #4,9/7/2011,3301.12,667.59,91,,,,38778,,91,N,Q1
MCIEAST,MCB Lejeune,1155002,SKEET HOUSE #2,9/7/2011,3301.12,667.59,90,,,,38778,,90,N,Q1
MCIEAST,MCB Lejeune,1155003,SKEET HOUSE #3,9/7/2011,3301.12,667.59,94,,,,38778,,94,N,Q1
MCIEAST,MCB Lejeune,1156603,SKEET/TRAP RANGE,9/7/2011,131415.60,21358.74,90,,,,38778,,90,N,Q1
MCIEAST,MCB Lejeune,1156604,SKEET TRAP #2,9/7/2011,693.52,140.25,92,,,,38778,,92,N,Q1
MCIEAST,MCB Lejeune,1156605,SKEET HOUSE #6,9/7/2011,31360.64,667.59,92,,,,38778,,92,N,Q1
MCIEAST,MCB Lejeune,1156607,SKEET HOUSE #5,9/7/2011,3301.12,667.59,94,,,,38778,,94,N,Q1
MCIEAST,MCB Lejeune,1169181,MARINE CORPS EXCHANGE,12/20/2012,42607.32,13102.14,88,91,11/2/2017,20630265.48,38778,532.0095281,91,Y,Q1
MCIEAST,MCB Lejeune,1169378,SKEET HOUSE # 7,5/29/2012,1650.56,667.59,91,,,,38778,,91,N,Q1
MCIEAST,MCB Lejeune,1169380,SKEET HOUSE # 8,5/29/2012,1650.56,667.59,92,,,,38778,,92,N,Q1
MCIEAST,MCB Lejeune,1169390,SKEET HOUSE #9,5/29/2012,2063.20,667.59,91,,,,38778,,91,N,Q1
MCIEAST,MCB Lejeune,1169395,SKEET RANGE RETAIL BLDG,5/29/2012,21123.25,6834.85,94,99,11/2/2017,875796.57,38778,22.58488241,99,Y,Q1
MCIEAST,MCB Lejeune,1169436,ARCHERY RANGE STORAGE BLDG,5/29/2012,2075.92,839.63,83,,,,38778,,83,N,Q1
MCIEAST,MCB Lejeune,1173406,HOSTESS HOUSE,4/12/2013,549565.80,140061.50,88,96,10/30/2017,-2295444.12,38778,-59.19449482,96,Y,Q1
MCIEAST,MCB Lejeune,1173443,MARINE MART @ ONSLOW BEACH,12/24/2012,32521.30,9977.54,88,89,11/3/2017,4178887.09,38778,107.764379,89,Y,Q1
MCIEAST,MCB Lejeune,1205483,WC MARINE MART,3/25/2014,45170.38,24772.94,98,95,10/30/2017,103872012.3,38778,2678.632532,95,Y,Q1
MCIEAST,MCB Lejeune,1205486,MARINE MART GAS PUMPS / CANOPY,3/25/2014,24438.25,58452.90,99,,,,38778,,99,N,Q1
MCIEAST,MCB Lejeune,1281518,SIGN (INNS OF THE CORPS),10/23/2013,403.80,163.51,96,,,,38778,,96,N,Q1
MCIEAST,MCB Lejeune,1320233,FILLING STATION,6/9/2014,0.00,46762.32,100,,,16951382.63,38778,437.1391673,100,N,Q1
MCIEAST,MCB Lejeune,1328003,GOLF CART STORAGE,5/15/2018,0.00,48725.68,92,,,,38778,,92,N,Q1
MCIEAST,MCB Lejeune,1380062,HITT SHELTER,7/9/2019,0.00,893.44,99,,,,38778,,99,N,Q1
MCIEAST,MCB Lejeune,31577,GOLF EQUIP BLDG/TOILET,7/1/1942,24844.86,3692.52,73,,,,38778,,73,N,Q2
MCIEAST,MCB Lejeune,31579,EQUIPMENT MAINT SHOP,6/30/1946,366756.06,44597.84,76,,,,38778,,76,N,Q2
MCIEAST,MCB Lejeune,31581,GOLF MAINT STORAGE,7/1/1949,12501.00,1857.92,65,,,,38778,,65,N,Q3
MCIEAST,MCB Lejeune,31582,ROD/GUN CLUB,6/19/1992,103886.17,11949.33,77,,,,38778,,77,N,Q2
MCIEAST,MCB Lejeune,31587,PUBLIC TOILET (GOLF COURSE),7/1/1964,6404.71,939.44,79,,,,38778,,79,N,Q2
MCIEAST,MCB Lejeune,31593,GOLF BALL HOUSE,7/1/1969,2231.64,497.52,87,,,,38778,,87,N,Q1
MCIEAST,MCB Lejeune,31596,EXCHANGE SNACK STAND,7/1/1974,8512.14,2627.52,84,,,,38778,,84,N,Q1
MCIEAST,MCB Lejeune,31888,RECREATION CENTER,2/1/1944,186799.58,25512.84,78,,,141514.28,38778,3.649344474,78,N,Q2
MCIEAST,MCB Lejeune,31932,DIVISION HQ,7/1/1942,462970.53,18015.55,81,84,10/31/2017,11098005.71,38778,286.1933496,84,Y,Q1
MCIEAST,MCB Lejeune,31988,EXCHANGE RETAIL-STORE,7/27/1981,162187.87,13444.15,80,83,11/2/2017,26719941.63,38778,689.0489873,83,Y,Q1
MCIEAST,MCB Lejeune,32001,RECREATION CENTER,10/5/1942,131261.46,14825.38,66,,,7199176,38778,185.6510392,66,N,Q3
MCIEAST,MCB Lejeune,32121,INDUSTRIAL GRILL,7/15/1985,247193.10,29248.84,79,87,10/30/2017,1352783.64,38778,34.88533808,87,Y,Q1
MCIEAST,MCB Lejeune,33205,GOLF CLUBHOUSE,12/14/2000,310667.76,95896.63,87,90,11/2/2017,9042163.77,38778,233.1776721,90,Y,Q1
MCIEAST,MCB Lejeune,33207,STARTER HOUSE/PUBLIC RESTRM,7/1/2002,7529.99,2324.35,77,,,,38778,,77,N,Q2
MCIEAST,MCB Lejeune,33208,PAVILION VIC 2015,8/20/2002,22394.24,22466.05,94,,,,38778,,94,N,Q1
MCIEAST,MCB Lejeune,34403,EXC SNACK STND VIC GOLF COUR,7/1/2002,4215.36,2114.46,92,,,,38778,,92,N,Q1
MCIEAST,MCB Lejeune,35398,MCX AUTO REPAIR STA,8/1/1960,311527.42,19291.95,63,,,,38778,,63,N,Q3
MCIEAST,MCB Lejeune,35399,MCX RETAIL SERVICE STA,8/1/1960,253939.44,24243.79,76,,,1762276.84,38778,45.44527412,76,N,Q2
MCIEAST,MCB Lejeune,35400,MCX TIRE SERVICE STA,8/1/1960,296466.75,25159.02,84,,,,38778,,84,N,Q1
MCIEAST,MCB Lejeune,35401,MARINE MART,8/1/1960,84070.50,19263.04,90,79,10/30/2017,29327643.13,38778,756.2959186,79,Y,Q2
MCIEAST,MCB Lejeune,35518,MESS OPEN E7-E9 (SNCO CLUB),12/31/1942,524000.40,0.00,65,94,10/31/2017,1758142.82,38778,45.33866677,94,Y,Q1
MCIEAST,MCB Lejeune,35519,"OPEN MESS STORAGE VIC 425				",7/1/1943,15072.46,1291.46,76,,,,38778,,76,N,Q2
MCIEAST,MCB Lejeune,36028,7-DAY STORE,2/28/2003,83840.85,20077.11,84,97,10/31/2017,16049966.67,38778,413.8936167,97,Y,Q1
MCIEAST,MCB Lejeune,37171,LOCATION EXCHANGE,1/19/1983,501888.48,33802.25,85,94,10/31/2017,59179863.93,38778,1526.119551,94,Y,Q1
MCIEAST,MCB Lejeune,37271,MARSTON PAVILION,7/1/1945,1920403.76,197096.88,92,95,10/31/2017,70219.82,38778,1.810815927,95,Y,Q1
MCIEAST,MCB Lejeune,37459,MWR MIL REC CENTER,3/23/1983,28519.05,4097.64,85,,,-763033.52,38778,-19.67696942,85,N,Q1
MCIEAST,MCB Lejeune,37516,MCCS  CAR WASH,2/4/1986,33011.52,18531.00,81,,,576799.16,38778,14.87439167,81,N,Q1
MCIEAST,MCB Lejeune,37627,GOLF EQUIPMENT BLDG,9/1/1976,95588.05,20188.35,79,,,,38778,,79,N,Q2
MCIEAST,MCB Lejeune,37861,INSTALLATION RESTAURANT AND ADMIN,3/23/1983,173334.00,30764.32,86,,,-1217690.6,38778,-31.40158337,86,N,Q1
MCIEAST,MCB Lejeune,37909,REC LODGE ONSLOW BEACH,7/1/2001,8257.47,1942.59,84,,,,38778,,84,N,Q1
MCIEAST,MCB Lejeune,37910,REC LODGE ONSLOW BEACH,7/1/2001,5104.72,1951.46,86,,,,38778,,86,N,Q1
MCIEAST,MCB Lejeune,37911,REC LODGE ONSLOW BEACH,7/1/2001,5104.72,1951.46,86,,,,38778,,86,N,Q1
MCIEAST,MCB Lejeune,37912,REC LODGE ONSLOW BEACH,7/1/2001,7587.36,1933.72,83,,,,38778,,83,N,Q1
MCIEAST,MCB Lejeune,37913,REC LODGE  ONSLOW BEACH,7/1/2001,5035.04,1924.85,86,,,,38778,,86,N,Q1
MCIEAST,MCB Lejeune,37914,REC LODGE  ONSLOW BEACH,7/1/2001,5081.52,1942.59,86,,,,38778,,86,N,Q1
MCIEAST,MCB Lejeune,37915,REC LODGE,7/1/2001,6955.08,1933.72,83,,,,38778,,83,N,Q1
MCIEAST,MCB Lejeune,37916,REC LODGE,7/1/2001,8219.64,1933.72,82,,,,38778,,82,N,Q1
MCIEAST,MCB Lejeune,37917,REC LODGE,7/1/2001,4977.04,1902.67,81,,,,38778,,81,N,Q1
MCIEAST,MCB Lejeune,37918,REC LODGE,7/1/2001,4977.04,1902.67,80,,,,38778,,80,N,Q1
MCIEAST,MCB Lejeune,37919,REC LODGE,7/1/2001,4977.04,1902.67,80,,,,38778,,80,N,Q1
MCIEAST,MCB Lejeune,37920,REC LODGE,7/1/2001,4977.04,1902.67,81,,,,38778,,81,N,Q1
MCIEAST,MCB Lejeune,37921,REC LODGE,7/1/2001,4977.04,1902.67,85,,,,38778,,85,N,Q1
MCIEAST,MCB Lejeune,37922,REC LODGE,7/1/2001,4977.04,1902.67,81,,,,38778,,81,N,Q1
MCIEAST,MCB Lejeune,37923,REC LODGE,7/1/2001,4977.04,1902.67,86,,,,38778,,86,N,Q1
MCIEAST,MCB Lejeune,37924,REC LODGE,7/1/2001,4977.04,1902.67,83,,,,38778,,83,N,Q1
MCIEAST,MCB Lejeune,37925,REC LODGE,7/1/2001,4977.04,1902.67,81,,,,38778,,81,N,Q1
MCIEAST,MCB Lejeune,37926,REC LODGE,7/1/2001,4977.04,1902.67,84,81,11/3/2017,,38778,,81,Y,Q1
MCIEAST,MCB Lejeune,37927,REC LODGE,7/1/2001,8087.69,1902.67,85,,,,38778,,85,N,Q1
MCIEAST,MCB Lejeune,38591,MCCS CAR WASH,4/4/1990,50625.60,14209.31,83,,,,38778,,83,N,Q1
MCIEAST,MCB Lejeune,38687,BOQ 0-3 ABOVE  PULLER HOUSE,12/3/1942,380466.37,13156.89,85,,,,38778,,85,N,Q1
MCIEAST,MCB Lejeune,38886,ALL POINTS INN,11/12/1942,691685.04,57804.60,76,,,,38778,,76,N,Q2
MCIEAST,MCB Lejeune,38887,BOQ,11/6/1942,1826351.36,59082.37,69,,,,38778,,69,N,Q3
MCIEAST,MCB Lejeune,38888,ALL POINTS INN,11/24/1942,691685.04,57804.60,77,,,,38778,,77,N,Q2
MCIEAST,MCB Lejeune,38897,BOQ - TRANSIENT,10/7/1942,2051795.90,58789.73,65,,,,38778,,65,N,Q3
MCIEAST,MCB Lejeune,38899,COM OFF MESS OPEN,7/1/1942,4244675.10,368586.78,77,97,10/31/2017,9252093.65,38778,238.5913056,97,Y,Q1
MCIEAST,MCB Lejeune,38901,BOQ,3/1/1962,1102389.53,100502.69,86,,,,38778,,86,N,Q1
MCIEAST,MCB Lejeune,39223,LOCATION EXCHANGE (BM),11/30/1982,250836.96,24572.94,78,83,10/31/2017,35201541.67,38778,907.7709441,83,Y,Q1
MCIEAST,MCB Lejeune,39426,EDUCATION SERVICES OFFICE,7/1/1961,319221.41,48916.99,84,91,11/2/2017,-192772.6,38778,-4.971184692,91,Y,Q1
MCIEAST,MCB Lejeune,39432,EXCHANGE SERVICE OUTLETS,7/1/1955,3107617.04,77343.85,78,81,10/30/2017,47546002.3,38778,1226.107646,81,Y,Q1
MCIEAST,MCB Lejeune,39434,BOWLING ALLEY STORAGE,7/1/1973,18905.66,1344.05,69,,,,38778,,69,N,Q3
MCIEAST,MCB Lejeune,39445,BOWLING ALLEY,10/1/1964,1590815.46,67886.79,74,90,10/30/2017,4938816.67,38778,127.3613046,90,Y,Q1
MCIEAST,MCB Lejeune,39446,MCCS EXCHANGE ADMINISTRATION,9/1/1972,161676.00,78059.06,91,,,-26069995.46,38778,-672.2882939,91,N,Q1
MCIEAST,MCB Lejeune,39447,INNS OF THE CORPS,8/1/1973,4833509.28,201969.89,76,97,10/30/2017,49115707.18,38778,1266.58691,97,Y,Q1
MCIEAST,MCB Lejeune,39451,GENERAL OFFICER REC LODGE,9/10/1982,56482.16,9322.65,88,,,,38778,,88,N,Q1
MCIEAST,MCB Lejeune,39452,COLONELS BEACH HOUSE,9/10/1982,63406.86,6772.44,89,,,,38778,,89,N,Q1
MCIEAST,MCB Lejeune,39462,OFFICERS BEACH HOUSE,9/10/1982,30325.02,6324.50,93,,,,38778,,93,N,Q1
MCIEAST,MCB Lejeune,39463,REC LODGE ONSLOW BEACH,7/1/1962,50732.25,4497.22,89,,,,38778,,89,N,Q1
MCIEAST,MCB Lejeune,39849,EXCHANGE SERVICE OUTLET,6/1/1978,190455.20,41046.97,90,,,5930012.34,38778,152.922078,90,N,Q1
MCIEAST,MCB Lejeune,39880,NAVAL MEDICAL CENTER - CAMP LEJEUNE,2/1/1983,50287.86,6784.15,94,85,11/2/2017,5090538.58,38778,131.2738816,85,Y,Q1
MCIEAST,MCB Lejeune,39926,BASE LIBRARY/RESTAURANT,3/31/1979,608024.20,53957.81,72,,,-557034.6,38778,-14.36470679,72,N,Q2
MCIEAST,MCB Lejeune,39929,EXCHANGE,9/1/1993,19306686.56,195112.73,86,94.5,10/30/2017,437475751.8,38778,11281.54499,94.5,Y,Q1
MCIEAST,MCB Lejeune,39930,TACO BELL,4/30/2003,204466.08,20398.99,88,,,21749385.98,38778,560.8692037,88,N,Q1
MCIEAST,MCB Lejeune,39959,MCCS ADMIN STORAGE,7/1/1985,23646.84,613.28,67,,,,38778,,67,N,Q3
MCIEAST,MCB Lejeune,40066,REC LODGE,7/1/2001,8087.69,1902.67,82,,,,38778,,82,N,Q1
MCIEAST,MCB Lejeune,40067,REC LODGE,7/1/2001,5000.24,1911.54,85,,,,38778,,85,N,Q1
MCIEAST,MCB Lejeune,40068,REC LODGE,7/1/2001,5000.24,1911.54,85,,,,38778,,85,N,Q1
MCIEAST,MCB Lejeune,40069,REC LODGE,7/1/2001,5000.24,1911.54,85,,,,38778,,85,N,Q1
MCIEAST,MCB Lejeune,40070,REC LODGE,7/1/2001,5000.24,1911.54,85,,,,38778,,85,N,Q1
MCIEAST,MCB Lejeune,40071,REC LODGE,7/1/2001,5000.24,1911.54,85,,,,38778,,85,N,Q1
MCIEAST,MCB Lejeune,40072,REC LODGE,7/1/2001,5000.24,1911.54,81,,,,38778,,81,N,Q1
MCIEAST,MCB Lejeune,40073,REC LODGE,7/1/2001,5000.24,1911.54,81,,,,38778,,81,N,Q1
MCIEAST,MCB Lejeune,40074,REC LODGE,7/1/2001,5000.24,1911.54,85,,,,38778,,85,N,Q1
MCIEAST,MCB Lejeune,40075,REC LODGE,7/1/2001,5000.24,1911.54,85,,,,38778,,85,N,Q1
MCIEAST,MCB Lejeune,40076,REC LODGE,7/1/2001,8125.39,1911.54,82,,,,38778,,82,N,Q1
MCIEAST,MCB Lejeune,40077,REC LODGE,7/1/2001,4977.04,1902.67,84,,,,38778,,84,N,Q1
MCIEAST,MCB Lejeune,40078,REC LODGE,7/1/2001,4977.04,1902.67,80,,,,38778,,80,N,Q1
MCIEAST,MCB Lejeune,40079,REC LODGE,7/1/2001,8163.09,1920.42,78,,,,38778,,78,N,Q2
MCIEAST,MCB Lejeune,40080,REC LODGE,7/1/2001,8200.79,1929.29,82,,,,38778,,82,N,Q1
MCIEAST,MCB Lejeune,40081,REC LODGE,7/1/2001,8163.09,1920.42,82,,,,38778,,82,N,Q1
MCIEAST,MCB Lejeune,40082,REC LODGE,7/1/2001,8163.09,1920.42,82,,,,38778,,82,N,Q1
MCIEAST,MCB Lejeune,40083,REC LODGE,7/1/2001,8163.09,1920.42,83,,,,38778,,83,N,Q1
MCIEAST,MCB Lejeune,40084,REC LODGE,7/1/2001,8087.69,1902.67,83,,,,38778,,83,N,Q1
MCIEAST,MCB Lejeune,40085,REC LODGE,7/1/2001,6279.30,1920.42,84,,,,38778,,84,N,Q1
MCIEAST,MCB Lejeune,40086,REC LODGE,7/1/2001,8200.79,1929.29,79,,,,38778,,79,N,Q2
MCIEAST,MCB Lejeune,40087,REC LODGE,7/1/2001,8831.62,1929.29,82,,,,38778,,82,N,Q1
MCIEAST,MCB Lejeune,40088,REC LODGE,7/1/2001,8200.79,1929.29,81,,,,38778,,81,N,Q1
MCIEAST,MCB Lejeune,40089,REC LODGE,7/1/2001,7535.16,1920.42,82,,,,38778,,82,N,Q1
MCIEAST,MCB Lejeune,40090,REC LODGE,7/1/2001,8125.39,1911.54,82,,,,38778,,82,N,Q1
MCIEAST,MCB Lejeune,41528,CAMPSITE ONSLOW BEACH UN591,8/1/1970,98570.00,17694.43,80,,,,38778,,80,N,Q1
MCIEAST,MCB Lejeune,41888,WEATHER SHELTER/GOLF,7/1/1969,1986.60,85.40,80,,,,38778,,80,N,Q1
MCIEAST,MCB Lejeune,42359,PICNIC SHELTER VIC BASE STBL,7/1/1984,2151.00,172.08,89,,,,38778,,89,N,Q1
MCIEAST,MCB Lejeune,42367,WEATHER SHELTER/GOLF,7/1/1969,1986.60,85.40,80,,,,38778,,80,N,Q1
MCIEAST,MCB Lejeune,42374,GOLF EQUIP BUILDING VIC 2015,7/1/1995,2406.06,1072.77,87,,,,38778,,87,N,Q1
MCIEAST,MCB Lejeune,42381,GOLF EQUIP STORAGE VIC 1903,7/1/1995,2440.92,816.24,82,,,,38778,,82,N,Q1
MCIEAST,MCB Lejeune,42382,"CANOPY, DRIVING RNG/VIC1903",8/20/2002,21409.80,14927.50,82,,,,38778,,82,N,Q1
MCIEAST,MCB Lejeune,42387,ARCHERY RANGE VIC BB45,7/1/2000,1023.40,1099.18,96,,,,38778,,96,N,Q1
MCIEAST,MCB Lejeune,42535,MILITARY CLOTHING EXHG,12/31/1951,162782.40,14617.89,96,,,1944900.46,38778,50.15473877,96,N,Q1
MCIEAST,MCB Lejeune,42536,BARBER SHOP/EXCHANGE RETAIL,12/31/1951,353881.20,19067.16,45,80,11/1/2017,19830364.92,38778,511.3818382,80,Y,Q1
MCIEAST,MCB Lejeune,42642,SHOPPING CENTER TARAWA TERRACE,7/1/1952,882084.27,29651.45,65,,,2375621.9,38778,61.2621048,65,N,Q3
MCIEAST,MCB Lejeune,42654,MCCS CAR WASH,8/1/2002,16316.46,4070.78,72,,,288399.58,38778,7.437195833,72,N,Q2
MCIEAST,MCB Lejeune,42656,LOCATION EXCHANGE,5/1/1990,173528.40,24913.35,83,84,11/2/2017,29235081.5,38778,753.9089561,84,Y,Q1
MCIEAST,MCB Lejeune,43364,GOLF COURSE #1 (GOLD),7/1/1946,773466.40,72101.26,80,,,,38778,,80,N,Q1
MCIEAST,MCB Lejeune,43635,COMMUNITY CENTER,7/1/1946,38666.18,5428.10,75,78,11/2/2017,-837491.1,38778,-21.59706793,78,Y,Q2
MCIEAST,MCB Lejeune,43644,LOC EX/FILLING STA,1/14/1993,117551.40,8590.26,83,78,,7412575.42,38778,191.1541446,78,Y,Q2
MCIEAST,MCB Lejeune,43647,MCCS CAR WASH EXCHANGE,8/1/2002,25796.12,0.00,72,,,,38778,,72,N,Q2
MCIEAST,MCB Lejeune,44045,ADMIN STORAGE VIC 898,7/1/1977,8457.48,1436.99,82,,,,38778,,82,N,Q1
MCIEAST,MCB Lejeune,44490,GOLF COURSE#2 SCAR,7/1/1943,773466.40,72101.26,80,,,,38778,,80,N,Q1
MCIEAST,MCB Lejeune,45944,LOCATION EXCHGE@MONTFORD RD,9/1/1977,140449.80,15134.90,65,85,11/1/2017,22040098.67,38778,568.3660496,85,Y,Q1
MCIEAST,MCB Lejeune,47757,RECREAT CTR@HARLEM/ROCHESTER,4/1/1943,785649.84,77467.59,68,71,11/1/2017,6827837.42,38778,176.0750276,71,Y,Q2
MCIEAST,MCB Lejeune,47782,EXCHANGE RETAIL STOR,9/16/1943,229586.40,10472.09,80,,,,38778,,80,N,Q1
MCIEAST,MCB Lejeune,47783,ISSUE/RETAIL CLTHG/UNIFORM,9/16/1943,520534.00,36948.49,79,74,11/1/2017,28245832.97,38778,728.3983952,74,Y,Q2
MCIEAST,MCB Lejeune,553765,REC LODGE ONSLOW BEACH,7/1/2008,19764.69,5495.13,85,,,,38778,,85,N,Q1
MCIEAST,MCB Lejeune,554760,REC LODGE ONSLOW BEACH,7/1/2008,23282.87,5477.39,82,,,,38778,,82,N,Q1
MCIEAST,MCB Lejeune,625295,INSTALLATION RESTAURANT MWR,5/28/2008,86043.84,8908.41,82,84,10/30/2017,6367996.52,38778,164.2167342,84,Y,Q1
MCIEAST,MCB Lejeune,925425,REC LODGE ONSLOW BEACH,7/1/2008,25073.86,5477.39,82,79,11/3/2017,,38778,,79,Y,Q2
MCIEAST,MCB Lejeune,925427,REC LODGE ONSLOW BEACH,7/1/2008,26864.85,5477.39,81,,,,38778,,81,N,Q1
MCIEAST,MCLB Albany,1010601,MWR RV PARK SUPPORT BLDG LOT #9,10/1/1978,387.52,106.47,87,,,,278,,87,N,Q1
MCIEAST,MCLB Albany,1010602,MWR RV PARK SUPPORT BLDG LOT #10,10/1/1978,435.96,106.47,86,,,,278,,86,N,Q1
MCIEAST,MCLB Albany,1010689,MWR RV PARK SUPPORT BLDG LOT #11,10/1/1978,435.96,106.47,86,,,,278,,86,N,Q1
MCIEAST,MCLB Albany,1010690,MWR RV PARK SUPPORT BLDG LOT #12,10/1/1978,460.18,106.47,86,,,,278,,86,N,Q1
MCIEAST,MCLB Albany,1010691,MWR RV PARK SUPPORT BLDG LOT #13,10/1/1978,435.96,106.47,87,,,,278,,87,N,Q1
MCIEAST,MCLB Albany,1010692,MWR RV PARK SUPPORT BLDG LOT #14,10/1/1978,435.96,106.47,87,,,,278,,87,N,Q1
MCIEAST,MCLB Albany,1010693,MWR RV PARK SUPPORT BLDG LOT #15,10/1/1978,435.96,106.47,87,,,,278,,87,N,Q1
MCIEAST,MCLB Albany,1010696,MWR RV PARK SUPPORT BLDG LOT #16,10/1/1978,435.96,106.47,84,,,,278,,84,N,Q1
MCIEAST,MCLB Albany,1010697,MWR RV PARK SUPPORT BLDG LOT #17,10/1/1978,435.96,106.47,85,,,,278,,85,N,Q1
MCIEAST,MCLB Albany,1010713,MWR RV PARK SUPPORT BLDG LOT #18,10/1/1978,435.96,106.47,86,,,,278,,86,N,Q1
MCIEAST,MCLB Albany,1010714,MWR RV PARK SUPPORT BLDG LOT #19,10/1/1978,435.96,106.47,86,,,,278,,86,N,Q1
MCIEAST,MCLB Albany,1010723,MWR RV PARK SUPPORT BLDG LOT #20,10/1/1978,435.96,106.47,87,,,,278,,87,N,Q1
MCIEAST,MCLB Albany,1292311,EXCHANGE GAS STATION,12/18/2009,38946.46,23609.37,87,,,8613766.2,278,30984.7705,87,N,Q1
MCIEAST,MCLB Albany,1334194,MWR RV PARK SUPPORT BLDG LOT #24,7/27/2018,0.00,91.26,94,,,,278,,94,N,Q1
MCIEAST,MCLB Albany,1334196,MWR RV PARK SUPPORT BLDG LOT #25,7/27/2018,0.00,91.26,94,,,,278,,94,N,Q1
MCIEAST,MCLB Albany,1334197,MWR RV PARK SUPPORT BLDG LOT #26,7/27/2018,0.00,91.26,94,,,,278,,94,N,Q1
MCIEAST,MCLB Albany,1334328,MWR RV PARK SUPPORT BLDG LOT #27,7/27/2018,0.00,91.26,94,,,,278,,94,N,Q1
MCIEAST,MCLB Albany,1334376,MWR RV PARK SUPPORT BLDG LOT #28,7/27/2018,0.00,91.26,94,,,,278,,94,N,Q1
MCIEAST,MCLB Albany,1334379,MWR RV PARK SUPPORT BLDG LOT #21,7/27/2018,0.00,91.26,94,,,,278,,94,N,Q1
MCIEAST,MCLB Albany,1334381,MWR RV PARK SUPPORT BLDG LOT #22,7/27/2018,0.00,91.26,94,,,,278,,94,N,Q1
MCIEAST,MCLB Albany,1334384,MWR RV PARK SUPPORT BLDG LOT #23,7/27/2018,0.00,91.26,94,,,,278,,94,N,Q1
MCIEAST,MCLB Albany,40602,MWR RV SUPPORT BLDG,7/1/1964,12752.10,2237.45,79,88,8/14/2017,42548.1,278,153.0507194,88,Y,Q1
MCIEAST,MCLB Albany,42246,GUN/SKEET/TRAP BLDG,7/1/1961,23420.64,106.25,81,,,830.18,278,2.986258993,81,N,Q1
MCIEAST,MCLB Albany,42247,GUN/SKEET/TRAP BLDG,7/1/1961,62942.97,87.99,65,,,,278,,65,N,Q3
MCIEAST,MCLB Albany,42721,BOQ TRANSIENT W3-W5&03&UP,7/1/1964,468066.06,25877.72,77,,,,278,,77,N,Q2
MCIEAST,MCLB Albany,42722,BOQ TRANSIENT W3-W5&03&UP,7/1/1964,416058.72,25877.72,79,,,,278,,79,N,Q2
MCIEAST,MCLB Albany,42728,BOQ TRANSIENT W3-W5&03&UP,7/1/1964,151802.88,6319.41,79,,,,278,,79,N,Q2
MCIEAST,MCLB Albany,46591,REC CAMPGROUND - RV,7/1/1964,87834.80,15708.32,80,,,1637773.94,278,5891.273165,80,N,Q1
MCIEAST,MCLB Albany,48247,SERVICE CLUB,7/1/1964,4180760.25,4309.44,77,87.33333333,8/15/2017,4269892.75,278,15359.32644,87.33333333,Y,Q1
MCIEAST,MCLB Albany,48249,MARINE CORPS EXCHANGE COMPX,7/1/1977,4294464.00,24888.18,83,81,8/15/2017,18402503.78,278,66196.05676,81,Y,Q1
MCIEAST,MCRD PI,1047288,MCCS RV PARK TOILET/SHOWER/LAUNDRY,3/5/2010,2800.44,3091.02,90,,,1250175.14,4000,312.543785,90,N,Q1
MCIEAST,MCRD PI,1049556,GOLF COURSE - GOLFER SHELTER,7/1/2000,453.36,131.63,96,,,,4000,,96,N,Q1
MCIEAST,MCRD PI,1049558,GOLF COURSE - PUMP HOUSE WATER IRRIGATION,7/1/2000,4813.60,4640.73,88,,,,4000,,88,N,Q1
MCIEAST,MCRD PI,1049559,PUMPS FOR WATER IRRIGATION,7/1/2000,736.40,4.59,96,,,,4000,,96,N,Q1
MCIEAST,MCRD PI,1055113,MCCS RV PARK PARKING/HOOKUPS,7/10/2009,30156.60,18055.55,94,,,,4000,,94,N,Q1
MCIEAST,MCRD PI,1321608,SHELTER MCCS EQUIP @ 1051,5/16/2018,9057.09,161.02,79,,,,4000,,79,N,Q2
MCIEAST,MCRD PI,1321622,GOLF COURSE - SHELTER GOLF CART COVER D,5/9/2018,24484.50,609.41,85,,,,4000,,85,N,Q1
MCIEAST,MCRD PI,1321623,GOLF COURSE - SHELTER GOLF CART COVER A,5/7/2018,25953.60,645.98,85,,,,4000,,85,N,Q1
MCIEAST,MCRD PI,1321624,GOLF COURSE - SHELTER GOLF CART COVER B,5/8/2018,21546.30,536.28,85,,,,4000,,85,N,Q1
MCIEAST,MCRD PI,1321625,GOLF COURSE - SHELTER GOLF CART COVER C,5/8/2018,24484.50,609.41,85,,,,4000,,85,N,Q1
MCIEAST,MCRD PI,1327510,GAZEBO @ TRADITIONS,7/20/2018,0.00,1233.24,100,,,,4000,,100,N,Q1
MCIEAST,MCRD PI,1368961,GOLF COURSE - EQUIPMENT FUELING PAD,6/5/2019,401.20,76.93,80,,,,4000,,80,N,Q1
MCIEAST,MCRD PI,1368964,GOLF COURSE - EQUIPMENT WASH RACK,6/5/2019,668.80,128.21,80,,,,4000,,80,N,Q1
MCIEAST,MCRD PI,17834,MCCS MAINTENANCE SHOP STORAGE SHED,7/1/1984,2795.65,685.20,74,,,,4000,,74,N,Q2
MCIEAST,MCRD PI,17836,EXCHANGE FURNITURE STORE & WAREHOUSE,12/6/1979,926853.48,45729.47,85,86,8/2/2016,,4000,,86,Y,Q1
MCIEAST,MCRD PI,17842,MCCS CAR WASH,6/14/2005,30838.50,12597.41,88,,,521271.72,4000,130.31793,88,N,Q1
MCIEAST,MCRD PI,18066,MCCS ROADS & GROUNDS FACILITY,1/21/1994,104500.38,8903.50,76,,,,4000,,76,N,Q2
MCIEAST,MCRD PI,19447,GOLF COURSE - K SPAN FACILITY,6/14/2005,118817.30,13738.78,91,,,,4000,,91,N,Q1
MCIEAST,MCRD PI,19448,GOLF COURSE - EQUIPMENT STORAGE - MAINT,7/1/1948,21500.21,1831.83,85,,,,4000,,85,N,Q1
MCIEAST,MCRD PI,19452,GOLF COURSE - PICNIC SHELTER AT MAINT FAC,7/1/2003,408.03,117.00,97,,,,4000,,97,N,Q1
MCIEAST,MCRD PI,19618,RECRUIT PROCESSING FACILITY,10/26/1982,680211.99,29073.53,85,76,1/24/2017,110034167.3,4000,27508.54183,76,Y,Q2
MCIEAST,MCRD PI,19726,GOLF COURSE - GARAGE & EQUIPMENT STORAGE,7/1/1950,12090.39,1505.55,87,,,,4000,,87,N,Q1
MCIEAST,MCRD PI,20755,GOLF COURSE,4/19/1963,788782.60,73572.71,80,,,,4000,,80,N,Q1
MCIEAST,MCRD PI,20839,CLASSROOM/SATO/RECRUIT PHOTO,8/15/1958,1147143.75,33341.12,74,,,51438030.29,4000,12859.50757,74,N,Q2
MCIEAST,MCRD PI,20844,MCCS RECEIVING WAREHOUSE,7/1/1941,658814.31,24480.93,78,,,,4000,,78,N,Q2
MCIEAST,MCRD PI,20968,VISITORS CENTER - LIBRARY,7/1/1941,349867.92,34518.61,74,90,,575685.29,4000,143.9213225,90,Y,Q1
MCIEAST,MCRD PI,20979,GOLF COURSE - CLUBHOUSE - THE LEGENDS,10/4/1948,407427.36,70788.46,76,77,8/1/2016,9051492.94,4000,2262.873235,77,Y,Q2
MCIEAST,MCRD PI,21013,MCCS COMMUNITY AND EXCHANGE ADMIN OFFICES,4/17/1979,64640.88,23420.95,87,85,1/24/2017,-5493943.46,4000,-1373.485865,85,Y,Q1
MCIEAST,MCRD PI,21014,MCCS MAINTENANCE SHOP,4/19/1963,158957.42,37710.87,89,,,-2431973.16,4000,-607.99329,89,N,Q1
MCIEAST,MCRD PI,21412,MCCS EXCHANGE SERVICES @ 4TH BN,5/16/1979,141121.74,4004.31,81,79.5,1/24/2017,6404322.64,4000,1601.08066,79.5,Y,Q2
MCIEAST,MCRD PI,21788,GOLF COURSE - PESTICIDE FACILITY,7/1/1994,12574.80,1454.02,88,,,,4000,,88,N,Q1
MCIEAST,MCRD PI,22300,MCCS AND G-4 BOAT STORAGE COMPOUND,7/1/1988,12491.37,5180.97,91,,,110370.24,4000,27.59256,91,N,Q1
MCIEAST,MCRD PI,22306,BOWLING ALLEY & SUBWAY,9/16/1974,226078.44,26766.38,85,90,,974449.45,4000,243.6123625,90,Y,Q1
MCIEAST,MCRD PI,22435,MCCS OUTDOOR SWIMMING POOL BATHHOUSE,6/14/2005,106255.20,14814.85,80,,,,4000,,80,N,Q1
MCIEAST,MCRD PI,22452,REC CENTER - BRIG & BREW CLUB,7/1/1899,153659.94,23124.83,78,,,1095869.86,4000,273.967465,78,N,Q2
MCIEAST,MCRD PI,22453,DRY CLEANERS / COBBLER SHOP / ITT,6/14/2005,191217.91,31719.89,91,98,8/2/2016,15585427.27,4000,3896.356818,98,Y,Q1
MCIEAST,MCRD PI,22792,BARRACKS ENLISTED / WPNS BN HQ / REC BLDG,7/1/1938,31849.56,2323.29,73,85,1/24/2014,1163667.51,4000,290.9168775,85,Y,Q1
MCIEAST,MCRD PI,24899,ALL HANDS CLUB @ TRADITIONS,7/1/1918,1889165.52,150318.22,66,95,8/2/2016,4485639.85,4000,1121.409963,95,Y,Q1
MCIEAST,MCRD PI,25689,EXCHANGE WAREHOUSE,7/1/1918,1659758.07,32602.28,70,,,,4000,,70,N,Q2
MCIEAST,MCRD PI,25692,RECRUIT BARRACKS @ WPNS BN,5/19/1959,22145.76,3093.35,75,,,,4000,,75,N,Q2
MCIEAST,MCRD PI,987340,MCX - MARINE CORPS EXCHANGE,11/3/2008,1883289.60,68994.94,88,96.5,8/2/2016,144079761.3,4000,36019.94032,96.5,Y,Q1
MCIEAST,MCRD PI,987372,CANOPY FUEL PUMP ISLANDS AT MCX,11/3/2008,37593.10,37222.36,99,,,,4000,,99,N,Q1
MCINCR,MBW (8th & I),46441,BEQ - USMC BAND FACILITY,8/6/2004,27472.90,15255.56,86,,,5204528.1,943,5519.117815,86,N,Q1
MCINCR,MBW (8th & I),48350,BEQ & SUPPORT FACILITY,7/1/1975,402281.60,54002.28,75,,,,943,,75,N,Q2
MCINCR,MBW (8th & I),48370,CENTER HOUSE,7/1/1908,111571.00,14264.08,80,,,,943,,80,N,Q1
MCINCR,MCB Quantico,1084000,RUSSELL-KNOX BUILDING,12/23/2010,159462.36,67659.25,87,,,2448512.88,7337,333.7212594,87,N,Q1
MCINCR,MCB Quantico,1131835,HEYWOOD HALL,7/5/2011,3819.45,3260.37,95,,,1160494.98,7337,158.1702303,95,N,Q1
MCINCR,MCB Quantico,1145101,GASOLINE DISP STORAGE,7/1/1993,646.07,561.06,77,,,,7337,,77,N,Q2
MCINCR,MCB Quantico,1145102,DIESEL DISP STORAGE,7/1/1993,280.90,561.06,90,,,,7337,,90,N,Q1
MCINCR,MCB Quantico,1148335,OCS HQ WILSON HALL,1/12/2012,10222.56,2838.27,91,90,2/23/2017,4904140.31,7337,668.4121998,90,Y,Q1
MCINCR,MCB Quantico,1166880,MCCS REGULAR FUEL STORAGE,1/1/2010,6741.60,22442.41,94,,,,7337,,94,N,Q1
MCINCR,MCB Quantico,1166890,MCCS REGULAR FUEL STORAGE,1/1/2010,6741.60,22442.41,94,,,,7337,,94,N,Q1
MCINCR,MCB Quantico,1166891,MCCS REGULAR FUEL STORAGE,1/1/2010,6741.60,22442.41,94,,,,7337,,94,N,Q1
MCINCR,MCB Quantico,1184402,LOPEZ HALL,6/27/2013,18204.12,15539.43,91,,,1821212.09,7337,248.2229917,91,N,Q1
MCINCR,MCB Quantico,1407179,MARINE MART HOT PATCH,12/16/2019,0.00,,100,,,5122488.86,7337,698.1721221,100,N,Q1
MCINCR,MCB Quantico,1407180,M. MART HOT PATCH CANOPY,12/16/2019,0.00,,100,,,,7337,,100,N,Q1
MCINCR,MCB Quantico,1407184,M. MART HOT PATCH PREMIUM FUEL STOR TANK,12/16/2019,0.00,,100,,,,7337,,100,N,Q1
MCINCR,MCB Quantico,1407189,M. MART HOT PATCH REGULAR FUEL STOR TANK,12/16/2019,0.00,,100,,,,7337,,100,N,Q1
MCINCR,MCB Quantico,1407190,M. MART HOT PATCH REGULAR FUEL STORAGE TANK,12/16/2019,0.00,,100,,,,7337,,100,N,Q1
MCINCR,MCB Quantico,1407196,M. MART HOT PATCH - FUEL ISLAND CONCRETE PAVI,12/16/2019,0.00,,100,,,,7337,,100,N,Q1
MCINCR,MCB Quantico,1407197,"M. MART HOT PATCH, EXT FIRE PROTECTION LINES",12/16/2019,0.00,,100,,,,7337,,100,N,Q1
MCINCR,MCB Quantico,1407450,M. MART HOT PATCH DIESEL FUEL STOR TANK,12/16/2019,0.00,,100,,,,7337,,100,N,Q1
MCINCR,MCB Quantico,1447676,GOLF STORAGE/ MAINTENANCE FACILITY,6/19/2021,0.00,,100,,,,7337,,100,N,Q1
MCINCR,MCB Quantico,1447681,DRIVING RANGE SHED,6/19/2021,0.00,,100,,,,7337,,100,N,Q1
MCINCR,MCB Quantico,1447710,LUNGA RECREATION AREA,4/10/2021,0.00,,100,,,-44670.74,7337,-6.088420335,100,N,Q1
MCINCR,MCB Quantico,1448575,ROD AND GUN CLUB SUPPORT BUILDING,1/1/1991,13702.00,,50,,,,7337,,50,N,Q4
MCINCR,MCB Quantico,1448577,ROD AND GUN CLUB SUPPORT BUILDING,1/1/1991,14947.50,,50,,,,7337,,50,N,Q4
MCINCR,MCB Quantico,14520,THE CLUBS AT QUANTICO,6/18/1994,1059823.93,258674.07,76,95,2/21/2017,7816368.46,7337,1065.335758,95,Y,Q1
MCINCR,MCB Quantico,14521,INNS OF THE CORPS QUANTICO,4/18/1998,4370014.87,347432.29,87,,,12627226.72,7337,1721.034036,87,N,Q1
MCINCR,MCB Quantico,19746,GEIGER HALL,7/1/1948,48385.62,4589.22,81,78,2/24/2017,600690.67,7337,81.87142838,78,Y,Q2
MCINCR,MCB Quantico,20822,MCCS HQ - BUSINESS & SUPPORT DIV,8/2/1978,35047.20,5983.40,84,,,491688.74,7337,67.01495707,84,N,Q1
MCINCR,MCB Quantico,20824,MARINE MART MAINSIDE,10/9/1990,135424.70,10442.53,87,77,2/23/2017,21406269.64,7337,2917.57798,77,Y,Q2
MCINCR,MCB Quantico,20826,SELF SERVICE CAR WASH,7/1/1968,27515.88,9096.47,80,,,485863.15,7337,66.22095543,80,N,Q1
MCINCR,MCB Quantico,20882,VACANT - ROD & GUN CLUBHOUSE,1/1/1991,155327.05,18131.39,61,,,,7337,,61,N,Q3
MCINCR,MCB Quantico,21052,TBS MARINE MART,7/1/1971,376416.18,15483.10,75,73,2/22/2017,25211110.42,7337,3436.160613,73,Y,Q2
MCINCR,MCB Quantico,22782,FIRESTONE SERVICE STATION,1/1/1991,136742.94,16873.93,76,,,1289316.46,7337,175.7280169,76,N,Q2
MCINCR,MCB Quantico,24730,MCCS BOAT STORAGE LOT-4,7/1/1944,72677.00,13971.69,80,,,2730772.2,7337,372.1919313,80,N,Q1
MCINCR,MCB Quantico,24922,TPU QTRS,1/1/1929,1994120.10,65429.16,80,,,,7337,,80,N,Q1
MCINCR,MCB Quantico,25157,MARINA,7/1/1920,532518.80,9932.63,60,,,,7337,,60,N,Q3
MCINCR,MCB Quantico,25789,GOLF COURSE,7/1/1930,827073.00,79458.54,80,,,,7337,,80,N,Q1
MCINCR,MCB Quantico,26184,UPSHUR MARINE MART,1/1/1991,60140.52,3710.64,78,80,2/24/2017,1967861.22,7337,268.2106065,80,Y,Q1
MCINCR,MCB Quantico,26328,MEDAL OF HONOR GOLF CLUBHOUSE,7/12/2005,189117.84,97766.12,90,,,3995078.22,7337,544.5111381,90,N,Q1
MCINCR,MCB Quantico,26331,MAIN EXCHANGE,3/31/1977,14619777.48,106888.87,73,79.66666667,2/24/2017,237573566.8,7337,32380.20537,79.66666667,Y,Q2
MCINCR,MCB Quantico,26332,MCCS MINI MART,7/1/1987,83959.10,18547.57,87,90,2/24/2017,170946124.9,7337,23299.18562,90,Y,Q1
MCINCR,MCB Quantico,26800,LIVERSEDGE HALL,7/1/1959,5601235.40,289457.25,74,,,,7337,,74,N,Q2
MCIPAC,Camp Mujuk,145831,CURFEWS,8/10/2004,19121.06,7333.23,93,,,,4000,,93,N,Q1
MCIPAC,MCAS Iwakuni,1102862,TYPHOON MOTORS SELF-STORAGE-IMAZU DISTRICT,7/1/2007,64952.40,35897.92,96,,,1936269.6,2735,707.9596344,96,N,Q1
MCIPAC,MCAS Iwakuni,1102865,TYPHOON MOTORS SELF-STORAGE-IMAZU DISTRICT,7/1/2007,113666.70,35897.92,93,,,1936269.6,2735,707.9596344,93,N,Q1
MCIPAC,MCAS Iwakuni,1107649,GENERAL STORAGE SHED-IMAZU DISTRICT,8/6/2011,1751.75,531.81,95,,,,2735,,95,N,Q1
MCIPAC,MCAS Iwakuni,1145146,SCUBA AIR GAS CYLINDER STGE-MISUMI DISTRICT,8/5/2010,577.65,12.34,85,,,,2735,,85,N,Q1
MCIPAC,MCAS Iwakuni,1145595,VEH & EQUIP RDY FUEL STOR-IMAZU DISTRICT,8/5/2010,8898.00,11792.66,85,,,,2735,,85,N,Q1
MCIPAC,MCAS Iwakuni,1145597,VEH & EQIP RDY FUEL STOR-IMAZU DISTRICT,8/5/2010,8898.00,11792.66,85,,,,2735,,85,N,Q1
MCIPAC,MCAS Iwakuni,1145605,VEH & EQUIP RDY FUEL STOR-IMAZU DISTRICT,8/5/2010,8898.00,11792.66,85,,,,2735,,85,N,Q1
MCIPAC,MCAS Iwakuni,1145607,MCX RETAIL SIGN-IMAZU DISTRICT,8/5/2010,3419.55,378.75,85,,,,2735,,85,N,Q1
MCIPAC,MCAS Iwakuni,1146097,CLUB IWAKUNI SIGN-TORII DISTRICT,6/24/2012,3419.55,378.75,85,,,,2735,,85,N,Q1
MCIPAC,MCAS Iwakuni,1146357,FREEZER CANOPY-MISUMI DISTRICT,11/25/1996,16861.20,430.23,85,,,,2735,,85,N,Q1
MCIPAC,MCAS Iwakuni,1276281,TEMPORARY LODGING FACILITY-TORII DISTRICT,5/12/2016,3696219.35,409310.81,95,98,5/15/2017,45907837.23,2735,16785.31526,98,Y,Q1
MCIPAC,MCAS Iwakuni,1276346,COMMUNITY FACILITY-TORII DISTRICT,5/12/2016,97045.05,71513.20,97,,,2007959.57,2735,734.1716892,97,N,Q1
MCIPAC,MCAS Iwakuni,1276625,COMMAND ASSEMBLY HALL-TORII DISTRICT,4/26/2016,613296.84,390794.17,96,98,5/15/2017,6716332.42,2735,2455.697411,98,Y,Q1
MCIPAC,MCAS Iwakuni,1289900,KINTAI INN EXPANSION-TORII DISTRICT,4/1/2016,1811043.32,465746.85,96,,,,2735,,96,N,Q1
MCIPAC,MCAS Iwakuni,1321849,CHILI'S RESTAURANT-TORII DISTRICT,10/30/2017,0.00,151647.37,100,,,850574.66,2735,310.9962194,100,N,Q1
MCIPAC,MCAS Iwakuni,1326310,VET TREATMENT FAC/MCCS KENNEL-SETO DISTRICT,6/23/2017,0.00,37372.06,100,,,567262.2,2735,207.4084826,100,N,Q1
MCIPAC,MCAS Iwakuni,1333918,AIR COMPRESSOR ROOM-MISUMI DISTRICT,10/19/2017,0.00,334.73,100,,,,2735,,100,N,Q1
MCIPAC,MCAS Iwakuni,1333923,MCX CAR WASH-MISUMI DISTRICT,10/19/2017,0.00,10117.17,100,,,,2735,,100,N,Q1
MCIPAC,MCAS Iwakuni,1333945,ALL HANDS CLUB-IMAZU DISTRICT,5/31/2017,0.00,385209.14,100,,,5577574.68,2735,2039.332607,100,N,Q1
MCIPAC,MCAS Iwakuni,1334159,FLAGPOLE/BILLBD/MARKER-ATAGO HILLS DISTRICT,8/10/2017,0.00,378.75,100,,,,2735,,100,N,Q1
MCIPAC,MCAS Iwakuni,1334160,MCX CAR WASH STORAGE-MISUMI DISTRICT,10/19/2017,0.00,4213.78,100,,,,2735,,100,N,Q1
MCIPAC,MCAS Iwakuni,1334308,MCX VACUUM OVERHEAD COVER-MISUMI DISTRICT,10/19/2017,0.00,1939.48,100,,,,2735,,100,N,Q1
MCIPAC,MCAS Iwakuni,1334637,OIL/WATER SEPARATOR-MISUMI DISTRICT,10/19/2017,0.00,2227.65,100,,,,2735,,100,N,Q1
MCIPAC,MCAS Iwakuni,1337750,COMMUNITY CENTER-ATAGO HILLS DISTRICT,8/10/2017,0.00,52091.42,100,,,745858.16,2735,272.7086508,100,N,Q1
MCIPAC,MCAS Iwakuni,1339895,CAR RENTAL OFFICE-IMAZU DISTRICT,6/28/2017,0.00,9045.15,100,,,13125803.42,2735,4799.196863,100,N,Q1
MCIPAC,MCAS Iwakuni,1342483,MARINE CORPS EXCHANGE-MISUMI DISTRICT,10/24/2018,0.00,1157518.51,100,,,129390858.4,2735,47309.27181,100,N,Q1
MCIPAC,MCAS Iwakuni,1372904,COLD STORAGE WAREHOUSE-MISUMI DISTRICT,11/7/2000,0.00,20429.96,100,,,,2735,,100,N,Q1
MCIPAC,MCAS Iwakuni,1382700,"OVERHEAD COVER, MISC-MISUMI DISTRICT",10/17/2017,0.00,5494.58,100,,,,2735,,100,N,Q1
MCIPAC,MCAS Iwakuni,1392238,MCX SIGN 2-MISUMI DISTRICT,10/24/2018,0.00,378.75,100,,,,2735,,100,N,Q1
MCIPAC,MCAS Iwakuni,1392239,MCX SIGN 1-MISUMI DISTRICT,10/24/2018,0.00,378.75,100,,,,2735,,100,N,Q1
MCIPAC,MCAS Iwakuni,1393828,MCX GAS STATION-MISUMI DISTRICT,10/19/2017,0.00,2361.19,100,,,4194257.44,2735,1533.549338,100,N,Q1
MCIPAC,MCAS Iwakuni,27560,KINTAI INN-TORII DISTRICT,11/25/1996,4591602.99,363330.66,87,,,,2735,,87,N,Q1
MCIPAC,MCAS Iwakuni,27572,MCCS COLD STORAGE WAREHOUSE-SETO DISTRICT,7/1/1995,784833.27,103697.30,87,,,-1417020.05,2735,-518.1060512,87,N,Q1
MCIPAC,MCAS Iwakuni,27588,TDY OFFICIAL LODGING (SHOGUN)-TORII DISTRICT,7/1/1947,238724.54,14445.39,83,,,,2735,,83,N,Q1
MCIPAC,MCAS Iwakuni,27606,CLUB COMPLEX-TORII DISTRICT,7/1/2000,5003421.84,1114161.69,88,83,5/15/2017,36352584.62,2735,13291.62143,83,Y,Q1
MCIPAC,MCAS Iwakuni,34161,MCX SUPPORT WAREHOUSE-TORII DISTRICT,10/17/1990,1678984.44,143906.94,88,,,-621748.56,2735,-227.3303693,88,N,Q1
MCIPAC,MCAS Iwakuni,35266,FOOD AND SERVICE MALL-MISUMI DISTRICT,7/1/1997,3560994.32,131980.08,77,86,5/1/2017,43606565.86,2735,15943.89977,86,Y,Q1
MCIPAC,MCAS Iwakuni,35325,EXCHANGE RETAIL STORE-IMAZU DISTRICT,7/1/2000,135463.35,4083.71,89,,,-26656.93,2735,-9.746592322,89,N,Q1
MCIPAC,MCAS Iwakuni,35328,MARINE MART-IMAZU DISTRICT,11/25/1996,1543629.60,32408.06,82,74,5/16/2017,36198626.78,2735,13235.32972,74,Y,Q2
MCIPAC,MCAS Iwakuni,35329,MCCS GAS STATION-IMAZU DISTRICT,7/1/1997,134519.33,28742.15,89,,,6294279.92,2735,2301.382055,89,N,Q1
MCIPAC,MCAS Iwakuni,35331,AUTO HOBBY SHOP-IMAZU DISTRICT,7/1/1997,39697.97,6239.95,87,75,5/16/2017,2445948.01,2735,894.3137148,75,Y,Q2
MCIPAC,MCAS Iwakuni,35332,MCCS CAR WASH-IMAZU DISTRICT,7/1/1997,56101.95,28714.73,91,,,,2735,,91,N,Q1
MCIPAC,MCAS Iwakuni,550658,MCCS RENTAL SELF-STORAGE-IMAZU DISTRICT,3/12/2007,11440.02,13280.01,99,,,1936269.6,2735,707.9596344,99,N,Q1
MCIPAC,MCAS Iwakuni,945416,BOWLING CENTER-IMAZU DISTRICT,5/28/2008,1163607.30,292276.81,91,85,5/1/2017,11744638.44,2735,4294.200527,85,Y,Q1
MCIPAC,MCB Butler,1045737,OCEAN BREEZE,9/9/2009,2312842.59,682603.23,91,93,5/1/2017,72080292.12,13409,5375.515857,93,Y,Q1
MCIPAC,MCB Butler,1049992,GOLF STORAGE/MAINTENANCE FACILITY,8/4/2009,161566.48,33315.63,92,,,,13409,,92,N,Q1
MCIPAC,MCB Butler,1049993,GOLF STORAGE/MAINTENANCE FACILITY,8/4/2009,60078.62,14158.21,93,,,,13409,,93,N,Q1
MCIPAC,MCB Butler,1049994,TEE HOUSE,7/27/2009,23548.90,11932.74,95,,,,13409,,95,N,Q1
MCIPAC,MCB Butler,1049995,WEATHER SHELTER @ HOLE 14,9/17/2009,6615.92,725.01,92,,,,13409,,92,N,Q1
MCIPAC,MCB Butler,1049996,WEATHER SHELTER @ HOLE 9,9/17/2009,6615.92,725.01,92,,,,13409,,92,N,Q1
MCIPAC,MCB Butler,1049997,WEATHER SHELTER @ HOLE 8,9/17/2009,6615.92,725.01,92,,,,13409,,92,N,Q1
MCIPAC,MCB Butler,1050003,GOLF CLUBHOUSE,8/4/2009,505341.96,344613.94,94,,,65782712.84,13409,4905.862692,94,N,Q1
MCIPAC,MCB Butler,1065009,GOLF COURSE,12/2/2009,587075.79,159432.07,93,,,0,13409,0,93,N,Q1
MCIPAC,MCB Butler,1065012,FUEL STORAGE (GOJ),8/5/2009,74196.36,25850.50,93,,,,13409,,93,N,Q1
MCIPAC,MCB Butler,1065015,WASH RACK,10/9/2009,319.97,178.60,93,,,,13409,,93,N,Q1
MCIPAC,MCB Butler,1090672,GOLF DRIVING RANGE,7/1/2011,5803.73,16504.03,99,,,,13409,,99,N,Q1
MCIPAC,MCB Butler,1090673,WATER STORAGE TANK (USG),7/1/2011,39.92,85.84,99,,,,13409,,99,N,Q1
MCIPAC,MCB Butler,1418193,HANSEN TLF,5/1/2019,0.00,,100,,,3828808.11,13409,285.5401678,100,N,Q1
MCIPAC,MCB Butler,44509,WESTPAC LODGE,7/25/2002,5852366.28,667057.48,91,83,5/12/2017,82066487.5,13409,6120.25412,83,Y,Q1
MCIPAC,MCB Butler,45249,MCCS BUTLER OFFICERS CLUB (GOJ),7/25/1989,3373479.00,358428.71,75,86,5/10/2017,7635954.51,13409,569.4648751,86,Y,Q1
MCIPAC,MCB Butler,46193,DAY HOUSE,7/1/1956,269432.02,12523.05,78,,,,13409,,78,N,Q2
MCIPAC,MCB Butler,46880,WESTPAC INN,4/1/1997,4521552.96,290418.09,84,,,,13409,,84,N,Q1
MCIPAC,MCB Butler,47323,ADMIN - MULTI USER,12/1/1954,1083621.60,40118.08,80,,,,13409,,80,N,Q1
MCIPAC,MCB Butler,47346,TERRA,5/15/2006,798436.80,215007.90,91,95,5/12/2017,14231951.08,13409,1061.373039,95,Y,Q1
MCIPAC,MCB Butler,48591,CAR CARE CTR (AAFES),3/18/2005,11551.93,1952.76,87,,,,13409,,87,N,Q1
MCIPAC,MCB Butler,49195,MCCS BEACHHEAD CONSOLIDATED CLUB (GOJ),9/3/2002,1975707.80,527940.59,90,87,5/10/2017,8498312.52,13409,633.7767559,87,Y,Q1
MCIPAC,MCB Butler,49197,BIKE SHELTER,9/3/2002,4098.99,516.45,93,,,,13409,,93,N,Q1
MCIPAC,MCB Butler,49198,BIKE SHELTER,9/3/2002,2080.54,262.13,93,,,,13409,,93,N,Q1
MCIPAC,MCB Butler,49900,ALL HAND CLUB_MCCS,7/1/1961,1558532.58,189302.16,78,84,5/11/2017,3706834.78,13409,276.44379,84,Y,Q1
MCIPAC,MCB Butler,49902,GAS STORAGE (USG),7/1/1986,3357.90,591.78,87,,,,13409,,87,N,Q1
MCIPAC,MCB Butler,50028,ALL HANDS CLUB (MCCS),6/11/1959,1914643.50,243630.12,79,91,5/1/2017,3503745.3,13409,261.2980312,91,Y,Q1
MCIPAC,MCB Butler,50029,COLD STORAGE WHSE (MCCS),11/15/1988,11136.87,1125.24,83,,,,13409,,83,N,Q1
MCIPAC,MCB Butler,50654,BOWLING CENTER (13 LANES AND MORE),10/1/1990,1073336.77,219268.45,89,92,5/8/2017,14085552.68,13409,1050.455118,92,Y,Q1
MCIPAC,MCB Butler,50744,ALL HANDS CLUB TENGAN CASTLE (MCCS),7/1/1964,899316.45,159252.43,85,,,1242373.53,13409,92.65221344,85,N,Q1
MCIPAC,MCB Butler,51159,MCCS TRI-MODULAR CLUB (GOJ),10/18/1994,2346971.40,627148.16,90,86,5/9/2017,10942740.47,13409,816.0743135,86,Y,Q1
MCIPAC,MCB Butler,51160,DISTILATE HEAT FUEL TANK (GOJ),10/18/1994,5770.44,11409.86,73,,,,13409,,73,N,Q2
MCIPAC,MCB Butler,51233,EAGLES NEST,7/23/1969,965624.66,36351.01,74,83,5/1/2017,126026.36,13409,9.39863972,83,Y,Q1
MCIPAC,MCB Butler,51313,BIKE SHELTER F/2654,6/19/2001,5190.30,762.93,94,,,,13409,,94,N,Q1
MCIPAC,MCB Butler,51620,MWR FOOD SERVICE (MCCS),10/1/1989,230025.76,36424.73,84,89,5/9/2017,3133805.72,13409,233.7091297,89,Y,Q1
MCIPAC,MCB Butler,51883,GEIGER HOUSE,7/1/2005,93768.20,19176.49,95,,,,13409,,95,N,Q1
MCIPAC,MCB Butler,52004,CUL DE SAC INN,7/1/1969,8675757.40,446229.71,80,,,,13409,,80,N,Q1
MCIPAC,MCB Butler,52089,BAYVIEW ENLISTED CLUB MCCS (USG),12/1/1965,1059569.28,156358.54,82,88,5/11/2017,1658187.46,13409,123.6622761,88,Y,Q1
MCIPAC,MCB Butler,52099,REEFER SHED FOR 4218 (USG),7/1/1984,7238.44,2585.95,89,,,,13409,,89,N,Q1
MCIPAC,MCB Butler,52821,ALL HANDS CLUB (MCCS),5/1/2003,4356581.31,322297.76,91,84,5/6/2017,29466685.65,13409,2197.530439,84,Y,Q1
MCIPAC,MCB Butler,52828,COURTNEY LODGE,11/29/1982,1617358.99,127217.42,87,82,5/11/2017,6497820.66,13409,484.586521,82,Y,Q1
MCIPAC,MCB Butler,52965,SNCO CLUB,2/1/1964,1103037.10,133177.91,78,87,5/11/2017,3970681.59,13409,296.1206346,87,Y,Q1
MCIPAC,MCB Butler,53326,MOUNTAIN VIEW INN,5/5/1987,2006693.13,157841.46,87,,,,13409,,87,N,Q1
MCIPAC,MCB Butler,56565,COMMUNITY CENTER (GOJ),7/1/2002,713898.00,103512.20,91,,,11900713.52,13409,887.5168558,91,N,Q1
MCIPAC,MCB Hawaii,1011552,MCDONALDS,9/8/2009,0.00,91655.18,100,,,4333191.3,8188,529.2124206,100,N,Q1
MCIPAC,MCB Hawaii,1063503,MANANA CONVENIENCE STORE,1/19/2010,95780.25,40740.52,95,,,3265089.75,8188,398.7652357,95,N,Q1
MCIPAC,MCB Hawaii,1063505,MANANA GAS LANES,1/19/2010,83267.90,18827.45,90,,,4130473.08,8188,504.4544553,90,N,Q1
MCIPAC,MCB Hawaii,1063662,FUEL STORAGE FOR MARINE MART GAS LANES,3/30/2010,148536.54,56208.68,94,,,56929374.34,8188,6952.781429,94,N,Q1
MCIPAC,MCB Hawaii,1102653,TEMP LODGING FACILITY (ADDN),8/13/2010,1538311.20,191086.23,92,,,,8188,,92,N,Q1
MCIPAC,MCB Hawaii,1141790,MARINA & OUTDOOR REC & EQUIPMENT CENTER,8/6/2012,196923.72,128553.80,94,95,2/1/2016,20021594.76,8188,2445.236292,95,Y,Q1
MCIPAC,MCB Hawaii,1162659,FLIGHT LINE MARINE MART,1/17/2013,100752.42,35861.82,94,,,14714026.47,8188,1797.023262,94,N,Q1
MCIPAC,MCB Hawaii,1173759,SEABEE COTTAGE,8/1/2013,29704.45,18004.10,95,,,,8188,,95,N,Q1
MCIPAC,MCB Hawaii,1431194,FAIRWAY INN,8/14/2020,0.00,,100,,,,8188,,100,N,Q1
MCIPAC,MCB Hawaii,1431203,SELDEN ST. MARINE MART,8/14/2020,0.00,,100,,,2062659.93,8188,251.9125464,100,N,Q1
MCIPAC,MCB Hawaii,1431207,FAIRWAY INN PARKING,8/14/2020,0.00,,100,,,,8188,,100,N,Q1
MCIPAC,MCB Hawaii,1431208,KLIPPER VILLA TRASH ENCLOSURE,8/14/2020,0.00,,100,,,,8188,,100,N,Q1
MCIPAC,MCB Hawaii,1431209,MARINE MART PARKING LOT,8/14/2020,0.00,,100,,,,8188,,100,N,Q1
MCIPAC,MCB Hawaii,1431210,MARINE MART TRASH ENCLOSURE,8/14/2020,0.00,,100,,,,8188,,100,N,Q1
MCIPAC,MCB Hawaii,18774,TEMPORARY LODGING FACILITY,7/1/1983,1983586.72,123198.77,84,,,,8188,,84,N,Q1
MCIPAC,MCB Hawaii,18955,EXCHANGE/MWR FOOD SVC,4/8/1998,1835480.66,164351.01,87,78,5/1/2017,23969524.61,8188,2927.396753,78,Y,Q2
MCIPAC,MCB Hawaii,21927,MISSION OP CND & CTRL FAC,7/1/1942,95276.10,6432.72,70,,,10716399.99,8188,1308.793355,70,N,Q2
MCIPAC,MCB Hawaii,21940,SUNSET LANAI ALL HANDS CLUB,7/1/1969,1294414.44,151251.45,78,85,2/1/2016,3001881.91,8188,366.6196764,85,Y,Q1
MCIPAC,MCB Hawaii,22530,MAIN EXCHANGE,5/20/1997,4711241.92,364740.70,86,81,5/1/2017,96716387.5,8188,11811.96721,81,Y,Q1
MCIPAC,MCB Hawaii,23552,MCCS MAINT SHOP,7/1/1943,262850.64,20728.92,48,,,,8188,,48,N,Q4
MCIPAC,MCB Hawaii,23665,REC DOCKS & MARINA,7/1/1969,656412.40,23544.02,80,,,,8188,,80,N,Q1
MCIPAC,MCB Hawaii,23777,THEATER/LIBRARY,7/1/1941,2247918.66,89090.22,74,,,-6037459.12,8188,-737.3545579,74,N,Q2
MCIPAC,MCB Hawaii,24393,ADM BLDG,7/1/1942,484930.85,42705.45,77,,,,8188,,77,N,Q2
MCIPAC,MCB Hawaii,24415,KLIPPER GOLF COURSE,7/1/1947,2038992.00,188346.16,80,,,,8188,,80,N,Q1
MCIPAC,MCB Hawaii,24700,MARINE MART - SUBWAY,7/1/1984,1482799.33,95678.99,83,69,2/1/2016,68252818.95,8188,8335.713111,69,Y,Q3
MCIPAC,MCB Hawaii,24713,GOLF/SNCO CLUB HOUSE,7/1/1986,1278423.84,195341.89,88,78,2/1/2017,30923364.53,8188,3776.668848,78,Y,Q2
MCIPAC,MCB Hawaii,24768,MCCS BEACH CABANAS STORAGE,7/1/1971,141961.47,20486.68,79,,,,8188,,79,N,Q2
MCIPAC,MCB Hawaii,24769,MWR BEACH CABANAS,7/1/1971,59929.44,11351.16,84,,,,8188,,84,N,Q1
MCIPAC,MCB Hawaii,24770,MCCS BEACH CABANAS,7/1/1971,82402.98,11351.16,78,,,,8188,,78,N,Q2
MCIPAC,MCB Hawaii,24771,MCCS BEACH CABANAS,7/1/1971,64159.19,11437.48,83,,,,8188,,83,N,Q1
MCIPAC,MCB Hawaii,24938,MCCS BEACH CABANAS,7/1/1975,84228.15,17017.13,85,,,,8188,,85,N,Q1
MCIPAC,MCB Hawaii,24950,BOWLING ALLEY,7/1/1976,3590647.80,261382.24,85,83.5,5/18/2017,4195446.1,8188,512.3896067,83.5,Y,Q1
MCIPAC,MCB Hawaii,24951,MOKAPU MARINE MART & GAS LANES,7/1/1976,786237.27,137319.30,87,67,5/18/2017,44110211.05,8188,5387.177705,67,Y,Q3
MCIPAC,MCB Hawaii,24976,TEMPORARY LODGING FACILITY,5/6/2002,566671.00,56312.67,90,,5/18/2017,,8188,,90,N,Q1
MCIPAC,MCB Hawaii,24977,TEMPORARY LODGING FACILITY,5/6/2002,883963.36,109804.33,92,74,5/18/2017,,8188,,74,Y,Q2
MCIPAC,MCB Hawaii,25335,TEMPORARY LODGING FACILITY,5/6/2002,994458.78,109804.33,91,86,5/18/2017,11104.42,8188,1.356182218,86,Y,Q1
MCIPAC,MCB Hawaii,25336,ADMINSTRATIVE OFFICE,5/6/2002,334530.95,25572.19,87,,,,8188,,87,N,Q1
MCIPAC,MCB Hawaii,25379,MCCS RENTAL CABINS,10/8/1998,79856.70,22000.81,89,74,,,8188,,74,Y,Q2
MCIPAC,MCB Hawaii,25397,WAREHOUSE,7/1/1942,7430127.46,368515.85,81,,,-21272847.42,8188,-2598.051712,81,N,Q1
MCIPAC,MCB Hawaii,25482,MCX ANNEX,7/1/1953,6797302.56,135344.60,76,72,5/18/2017,74253550.01,8188,9068.582073,72,Y,Q2
MCIPAC,MCB Hawaii,25895,KLIPPER VILLAS,7/1/1974,1298279.00,64507.94,80,,,,8188,,80,N,Q1
MCIPAC,MCB Hawaii,25896,KLIPPER VILLAS,7/1/1974,801700.90,36213.03,78,74,5/22/2017,,8188,,74,Y,Q2
MCIPAC,MCB Hawaii,25897,KLIPPER VILLAS,7/1/1974,624895.56,32683.53,81,,,,8188,,81,N,Q1
MCIPAC,MCB Hawaii,25898,KLIPPER VILLAS,7/1/1974,728819.00,36213.03,80,,,,8188,,80,N,Q1
MCIPAC,MCB Hawaii,25899,KLIPPER VILLAS,7/1/1974,1164931.52,72352.85,84,,,12482604.24,8188,1524.499785,84,N,Q1
MCIPAC,MCB Hawaii,25976,MCCS BEACH CABANAS,7/1/1972,157182.27,22683.20,79,,,,8188,,79,N,Q2
MCIPAC,MCB Hawaii,25977,MCCS BEACH CABANAS,7/1/1972,196168.98,28309.43,79,,,,8188,,79,N,Q2
MCIPAC,MCB Hawaii,25981,MCCS EXCHANGE MAINT WAREHOUSE AND OFFICES,7/1/1944,519178.77,203228.34,89,,,-14074123.02,8188,-1718.871888,89,N,Q1
MCIPAC,MCB Hawaii,25984,EXCHANGE WAREHOUSE,7/1/1973,3787409.77,154217.08,83,,,-27052851.95,8188,-3303.963355,83,N,Q1
MCIPAC,MCB Hawaii,26254,GOLF CART SHED,7/1/1985,710419.86,156939.76,82,,,,8188,,82,N,Q1
MCIPAC,MCB Hawaii,26271,WALK-IN REEFER,7/1/1986,15658.58,2753.96,86,,,,8188,,86,N,Q1
MCIPAC,MCB Hawaii,26608,MCCS RENTAL CABIN,4/26/1982,56298.06,13124.12,87,,,,8188,,87,N,Q1
MCIPAC,MCB Hawaii,26611,MCCS RENTAL CABIN,4/26/1982,35022.36,8844.72,88,,,,8188,,88,N,Q1
MCIPAC,MCB Hawaii,26612,MCCS RENTAL CABIN,4/26/1982,34688.76,8760.50,88,,,,8188,,88,N,Q1
MCIPAC,MCB Hawaii,26613,RECREATIONAL LODGING (VIP),7/1/1974,293600.96,18235.29,84,,,,8188,,84,N,Q1
MCIPAC,MCB Hawaii,26614,MCCS RENTAL CABIN,4/26/1982,37595.48,8764.20,87,,,,8188,,87,N,Q1
MCIPAC,MCB Hawaii,26615,MCCS RENTAL CABIN,4/26/1982,40244.96,8711.72,86,,,,8188,,86,N,Q1
MCIPAC,MCB Hawaii,26617,MCCS RENTAL CABIN,4/26/1982,44404.05,8971.23,85,,,,8188,,85,N,Q1
MCIPAC,MCB Hawaii,26618,MCCS RENTAL CABIN,4/26/1982,34893.48,8812.17,88,,,,8188,,88,N,Q1
MCIPAC,MCB Hawaii,26619,MCCS RENTAL CABIN,4/26/1982,34681.08,8758.53,88,,,,8188,,88,N,Q1
MCIPAC,MCB Hawaii,26620,MCCS RENTAL CABIN,4/26/1982,37586.51,8762.11,87,,,,8188,,87,N,Q1
MCIPAC,MCB Hawaii,26621,RECREATIONAL LODGING (VIP) - UPH,7/1/1974,171015.48,14162.15,88,,,,8188,,88,N,Q1
MCIPAC,MCB Hawaii,26628,MCCS BEACH CABANAS,7/1/1979,195902.28,28270.96,79,,,,8188,,79,N,Q2
MCIPAC,MCB Hawaii,26631,MCCS RENTAL CABINS HOUSEKEEPING,7/1/1978,55928.70,11299.61,85,,,,8188,,85,N,Q1
MCIPAC,MCB Hawaii,26634,ENLISTED CLUB,7/1/1974,3489076.08,428891.64,79,77,2/2/2016,10665335.38,8188,1302.556837,77,Y,Q2
MCIPAC,MCB Hawaii,26728,MCCS FOOD SERVICE/SERVICE OUTLET,7/1/1962,2779224.48,68160.73,76,76,2/1/2016,3643736.42,8188,445.0093332,76,Y,Q2
MCIPAC,MCB Hawaii,26733,OFFICERS CLUB - GRILL,7/1/1963,35958.88,5801.52,84,,,,8188,,84,N,Q1
MCIPAC,MCB Hawaii,26734,MCCS BEACH CABINS OFFICE,7/1/1963,376484.48,35654.73,68,,,4296265.26,8188,524.7026453,68,N,Q3
MCIPAC,MCB Hawaii,26749,GOLF COURSE MAINTENANCE,7/1/1968,1017190.20,155567.63,74,,,,8188,,74,N,Q2
MCIPAC,MCB Hawaii,26751,"REFRESHMENT STAND, GOLF",7/1/1967,11552.96,2871.18,84,,,1013914.03,8188,123.829266,84,N,Q1
MCIPAC,MCB Hawaii,27016,GOLF COURSE PESTICIDE STRG,7/1/1987,90995.52,25845.36,86,,,,8188,,86,N,Q1
MCIPAC,MCB Hawaii,30156,CAR WASH FACILITY,11/3/2006,50100.75,24772.22,91,80,5/18/2017,1941367.43,8188,237.0990999,80,Y,Q1
MCIPAC,MCB Hawaii,547876,OFFICERS' CLUB,7/1/1941,4690053.84,480433.99,76,,,11554933.23,8188,1411.203374,76,N,Q2
MCIWEST,MCAS Miramar,1008469,RESTROOM/SNACK SHACK,7/20/2009,5871.90,1546.68,90,,,,11202,,90,N,Q1
MCIWEST,MCAS Miramar,1013680,DENNY'S/GOLF COURSE CLUB HOUSE/PRO SHOP,6/15/2009,363386.80,52164.73,90,99,1/12/2016,13355635.84,11202,1192.254583,99,Y,Q1
MCIWEST,MCAS Miramar,1013681,MCCS GOLF COURSE PAVILION,6/15/2009,21488.60,1301.66,93,,,,11202,,93,N,Q1
MCIWEST,MCAS Miramar,1031725,MCCS RV/VEHICLE STORAGE COMPOUND,5/2/2008,36713.38,144313.64,99,,,,11202,,99,N,Q1
MCIWEST,MCAS Miramar,1139510,EXCHANGE GAS AND SERVICE,5/25/2012,66956.40,27105.16,94,93,6/12/2017,139418106.6,11202,12445.82276,93,Y,Q1
MCIWEST,MCAS Miramar,1139511,EXCHANGE CAR WASH,5/25/2012,7112.24,3754.79,96,,,5973642.18,11202,533.2656829,96,N,Q1
MCIWEST,MCAS Miramar,1168519,WEST WING INNS OF THE CORPS,5/23/2013,1068294.40,141937.30,92,96,6/12/2017,,11202,,96,Y,Q1
MCIWEST,MCAS Miramar,1171866,EAST WING - INNS OF THE CORPS,6/6/2013,947149.04,125861.64,92,95,6/12/2017,,11202,,95,Y,Q1
MCIWEST,MCAS Miramar,1321242,MCCS FLIGHTLINE MINI MART,4/30/2018,84032.60,16847.61,96,,,33352275.49,11202,2977.350071,96,N,Q1
MCIWEST,MCAS Miramar,1321292,MCCS FLMM CAR WASH,4/30/2018,0.00,4255.43,100,,,,11202,,100,N,Q1
MCIWEST,MCAS Miramar,49359,BATHHOUSE,7/1/1971,41809.44,5212.01,76,70,7/18/2017,,11202,,70,Y,Q2
MCIWEST,MCAS Miramar,49360,LODGE HOUSE,10/21/1971,63406.63,9051.29,77,88,,2602282.76,11202,232.3051919,88,Y,Q1
MCIWEST,MCAS Miramar,49361,CABIN 1 - BIG BEAR,7/1/1971,13149.96,3597.89,88,,,,11202,,88,N,Q1
MCIWEST,MCAS Miramar,49362,CABIN 2 - BIG BEAR,7/1/1971,14245.79,3597.89,87,,,,11202,,87,N,Q1
MCIWEST,MCAS Miramar,49363,CABIN 3 - BIG BEAR,7/1/1971,15341.62,3597.89,86,,,,11202,,86,N,Q1
MCIWEST,MCAS Miramar,49364,CABIN 4 - BIG BEAR,7/1/1971,13149.96,3597.89,88,,,,11202,,88,N,Q1
MCIWEST,MCAS Miramar,49365,CABIN 5 - BIG BEAR,7/1/1971,13149.96,2873.79,88,85,,,11202,,85,Y,Q1
MCIWEST,MCAS Miramar,49366,CABIN 6 - BIG BEAR,7/1/1971,14245.79,2873.79,87,,,,11202,,87,N,Q1
MCIWEST,MCAS Miramar,49367,CABIN 7 - BIG BEAR,7/1/1971,16437.45,3597.89,85,,,,11202,,85,N,Q1
MCIWEST,MCAS Miramar,49410,GOLF EQUIPMENT MAINTENANCE SHOP,7/1/1954,28420.80,5037.37,76,,,,11202,,76,N,Q2
MCIWEST,MCAS Miramar,49412,GOLF MAINTENANCE,6/5/1961,198779.98,24869.88,66,,,,11202,,66,N,Q3
MCIWEST,MCAS Miramar,49576,CABIN 8 - BIG BEAR,7/1/1971,16437.45,3597.89,85,,,,11202,,85,N,Q1
MCIWEST,MCAS Miramar,54000,GOLF COURSE MAINTENANCE EQUIPMENT STORAGE,7/1/1992,104724.88,34267.83,87,,,,11202,,87,N,Q1
MCIWEST,MCAS Miramar,54001,GOLF CART STORAGE SHELTER,7/1/1992,136947.92,34267.83,83,,,,11202,,83,N,Q1
MCIWEST,MCAS Miramar,54002,MCCS VEHICLE/RV STORAGE LOT,7/1/1995,80884.26,53312.48,94,,,,11202,,94,N,Q1
MCIWEST,MCAS Miramar,54004,COMBINED BACHELORS OFFICERS QUARTERS (CBQ),2/8/1955,6478487.61,327958.89,79,,,,11202,,79,N,Q2
MCIWEST,MCAS Miramar,54005,COMBINED BACHELORS OFFICERS QUARTERS (CBQ),6/28/1957,3143635.56,185662.74,82,,,,11202,,82,N,Q1
MCIWEST,MCAS Miramar,54007,OFFICERS CLUB,12/10/1965,1047776.70,192896.25,85,78,6/13/2017,10382994.35,11202,926.8875513,78,Y,Q2
MCIWEST,MCAS Miramar,54013,OFFICERS' CLUB STORAGE,7/1/1974,9592.74,1471.70,82,,,,11202,,82,N,Q1
MCIWEST,MCAS Miramar,54015,OFFICERS' CLUB STORAGE,7/1/1991,60754.59,8830.23,81,,,,11202,,81,N,Q1
MCIWEST,MCAS Miramar,54475,GOLF COURSE DRIVING RANGE,4/9/1965,55644.20,8225.36,80,,,,11202,,80,N,Q1
MCIWEST,MCAS Miramar,55207,FIRESTONE COMPLETE AUTO CARE,12/28/1954,781420.20,63266.62,70,,,28631047.92,11202,2555.887156,70,N,Q2
MCIWEST,MCAS Miramar,55217,MCX PRODUCTION / MAINTENANCE SHOP,7/1/1950,281884.59,27723.64,87,,,-1284367.82,11202,-114.6552241,87,N,Q1
MCIWEST,MCAS Miramar,55438,MARINE MART,2/8/1972,407111.84,29065.77,84,95,6/13/2017,55239696.24,11202,4931.235158,95,Y,Q1
MCIWEST,MCAS Miramar,55442,MCCS INNS OF THE CORPS,8/12/2005,1707486.77,165017.39,89,86,6/12/2017,58852217.56,11202,5253.724117,86,Y,Q1
MCIWEST,MCAS Miramar,56027,GOLF COURSE,7/1/1965,804098.80,79458.54,80,,,,11202,,80,N,Q1
MCIWEST,MCAS Miramar,56394,THE HUB,10/26/1954,804755.91,35077.60,79,82,1/14/2016,1688596.1,11202,150.740591,82,Y,Q1
MCIWEST,MCAS Miramar,56548,MARINE CORPS EXCHANGE,4/12/1984,3571410.22,114639.05,86,99,1/12/2016,236187298.1,11202,21084.38655,99,Y,Q1
MCIWEST,MCAS Miramar,56970,PARC/POST OFFICE/EXCHANGE/UNION,3/10/1944,1842734.31,44988.34,63,,,1733436.64,11202,154.7434958,63,N,Q3
MCIWEST,MCAS Miramar,56973,MCCS RESTORATION/SUPPLY WAREHOUSE,7/13/1953,345703.80,18372.76,80,,,,11202,,80,N,Q1
MCIWEST,MCAS Pendleton,22740,SERVICES FACILITY,7/1/1987,45074.40,3429.97,85,91,9/12/2017,4989597.49,35661,139.9174866,91,Y,Q1
MCIWEST,MCAS Pendleton,29658,AVIATION WAREHOUSE,6/8/1990,21266.55,3731.56,85,,,,35661,,85,N,Q1
MCIWEST,MCAS Yuma,1033816,MCX - MARINE CORPS EXCHANGE,11/20/2009,7231026.00,63048.21,88,94.8,3/20/2017,82100446.64,3899,21056.79575,94.8,Y,Q1
MCIWEST,MCAS Yuma,1322660,RECREATION PAVILION,7/1/2015,2332.70,93.46,90,,,,3899,,90,N,Q1
MCIWEST,MCAS Yuma,1322664,RECREATION PAVILION,7/1/2015,2184.40,87.52,90,,,,3899,,90,N,Q1
MCIWEST,MCAS Yuma,1322665,RECREATION PAVILION,7/1/2015,2332.70,93.46,90,,,,3899,,90,N,Q1
MCIWEST,MCAS Yuma,1322666,RECREATION PAVILION,7/1/2012,6431.80,257.72,90,,,,3899,,90,N,Q1
MCIWEST,MCAS Yuma,1322667,RECREATION PAVILION,7/1/2015,2332.70,93.46,90,,,,3899,,90,N,Q1
MCIWEST,MCAS Yuma,1322669,RECREATION PAVILION,7/1/2015,2305.80,92.39,90,,,,3899,,90,N,Q1
MCIWEST,MCAS Yuma,1322700,RECREATION PAVILION,7/1/2015,2184.40,87.52,90,,,,3899,,90,N,Q1
MCIWEST,MCAS Yuma,1322725,PLAYGROUND WITH CANOPY,7/1/2012,6206.20,231.97,90,,,,3899,,90,N,Q1
MCIWEST,MCAS Yuma,1322729,BASKETBALL COURT,7/1/2006,64012.50,2858.92,70,,,,3899,,70,N,Q2
MCIWEST,MCAS Yuma,1322730,MCCS DRY STORAGE,7/1/2010,4108.20,611.37,80,,,,3899,,80,N,Q1
MCIWEST,MCAS Yuma,1322734,WOUNDED WARRIOR DOCK,7/1/2014,1253.70,586.88,90,,,,3899,,90,N,Q1
MCIWEST,MCAS Yuma,1322736,BOATING DOCK,7/1/2013,1253.70,586.88,90,,,,3899,,90,N,Q1
MCIWEST,MCAS Yuma,1396360,MARINA,3/27/2020,0.00,9564.75,100,,,,3899,,100,N,Q1
MCIWEST,MCAS Yuma,1431331,MCX MARINE MART,11/23/2020,0.00,,100,,,156378.86,3899,40.10742755,100,N,Q1
MCIWEST,MCAS Yuma,1436933,MCCS CAR WASH,,,,,,,,3899,,,N,Q4
MCIWEST,MCAS Yuma,31548,MARQUEE SIGN,7/1/1995,641.70,173.52,94,,,,3899,,94,N,Q1
MCIWEST,MCAS Yuma,31560,MARQUEE SIGN,7/1/1995,641.70,173.52,94,,,,3899,,94,N,Q1
MCIWEST,MCAS Yuma,32415,MULTI-USE TENANT BLDG - CADC,6/13/1972,50879.64,6461.42,83,73,3/22/2017,3156727.4,3899,809.6248782,73,Y,Q2
MCIWEST,MCAS Yuma,33731,BASE AUDITORIUM,7/25/1956,21735.75,950.93,75,74,3/20/2017,618736.02,3899,158.6909515,74,Y,Q2
MCIWEST,MCAS Yuma,33862,INNS OF THE CORPS YUMA,7/1/1997,172064.28,14404.21,88,,,,3899,,88,N,Q1
MCIWEST,MCAS Yuma,33863,INNS OF THE CORPS YUMA,7/1/1997,141727.85,12943.23,89,86,3/21/2017,12354808.17,3899,3168.712021,86,Y,Q1
MCIWEST,MCAS Yuma,33864,INNS OF THE CORPS YUMA,7/1/1997,192703.56,16132.02,88,,,,3899,,88,N,Q1
MCIWEST,MCAS Yuma,33866,INNS OF THE CORPS YUMA,7/1/1997,176644.93,16132.02,89,,,,3899,,89,N,Q1
MCIWEST,MCAS Yuma,33867,INNS OF THE CORPS YUMA,7/1/1997,176644.93,16132.02,89,78,3/21/2017,,3899,,78,Y,Q2
MCIWEST,MCAS Yuma,33868,INNS OF THE CORPS YUMA,7/1/1997,176644.93,16132.02,89,,,,3899,,89,N,Q1
MCIWEST,MCAS Yuma,35069,MARQUEE SIGN,7/1/1995,641.70,173.52,94,,,,3899,,94,N,Q1
MCIWEST,MCAS Yuma,35077,BARRACKS TRANSIENT,7/1/1971,3946922.64,146850.37,73,,,,3899,,73,N,Q2
MCIWEST,MCAS Yuma,35078,BARRACKS BILLETED TRANSIENT VIP/OFFICE,7/1/1968,1832286.40,92032.99,80,,,,3899,,80,N,Q1
MCIWEST,MCAS Yuma,35371,AUTO HOBBY SHOP/MCCS SERVICE SHOP,3/18/1997,59866.50,9160.50,85,80,3/20/2017,3452355.41,3899,885.4463734,80,Y,Q1
MCIWEST,MCAS Yuma,35373,VEHICLE VACUUM AREA,7/1/1995,18242.18,619.85,89,,,,3899,,89,N,Q1
MCIWEST,MCAS Yuma,35374,SELF SERVICE CAR WASH,7/1/1995,16771.17,5803.48,87,,,644155.46,3899,165.2104283,87,N,Q1
MCIWEST,MCAS Yuma,35377,MCX SERVICE MART/GAS SERVICE STATION,12/17/1997,149939.70,10787.77,85,78,3/20/2017,35195872.54,3899,9026.897292,78,Y,Q2
MCIWEST,MCAS Yuma,36338,RECREATION CABIN,7/1/1997,13581.30,2447.47,83,,,,3899,,83,N,Q1
MCIWEST,MCAS Yuma,36339,PUBLIC TOILET,7/1/1998,3011.76,467.10,82,60,3/21/2017,,3899,,60,Y,Q3
MCIWEST,MCAS Yuma,36340,RECREATION CABIN,7/1/1998,14077.53,2536.90,83,,,,3899,,83,N,Q1
MCIWEST,MCAS Yuma,36341,RECREATION CABIN,7/1/1998,14324.94,2438.05,82,,,,3899,,82,N,Q1
MCIWEST,MCAS Yuma,36342,RECREATION CABIN,7/1/1998,13999.16,2522.78,83,74,3/22/2017,,3899,,74,Y,Q2
MCIWEST,MCAS Yuma,36343,RECREATION CABIN,7/1/1998,13790.23,2485.12,83,,,,3899,,83,N,Q1
MCIWEST,MCAS Yuma,36345,BOAT FUEL ISSUE POINT,10/29/1998,61418.10,901.21,95,,,,3899,,95,N,Q1
MCIWEST,MCAS Yuma,36347,RECREATION CABIN,7/1/1998,13688.84,3812.41,89,,,,3899,,89,N,Q1
MCIWEST,MCAS Yuma,36348,RECREATION CABIN,7/1/1998,12444.40,3812.41,90,71,3/21/2017,,3899,,71,Y,Q2
MCIWEST,MCAS Yuma,36349,RECREATION CABIN,7/1/1998,14933.28,3812.41,88,,,,3899,,88,N,Q1
MCIWEST,MCAS Yuma,36352,RECREATION CABIN,7/1/1998,12444.40,3812.41,90,,,,3899,,90,N,Q1
MCIWEST,MCAS Yuma,37355,RV STORAGE LOT - MCCS,7/1/2006,15896.32,29702.84,98,,,659544.72,3899,169.1574045,98,N,Q1
MCIWEST,MCAS Yuma,38470,RECREATIONAL VEHICLE PARKING PADS,7/1/2004,190.24,365.16,98,,,,3899,,98,N,Q1
MCIWEST,MCAS Yuma,38471,COMMUNITY CENTER/MAINTENANCE FACILITY,10/1/1998,37499.16,9573.37,88,,,,3899,,88,N,Q1
MCIWEST,MCAS Yuma,38472,RECREATION CABIN,7/1/1998,17034.96,4348.96,88,,,,3899,,88,N,Q1
MCIWEST,MCAS Yuma,38473,RECREATION PAVILION,7/1/2002,3009.63,401.97,97,,,,3899,,97,N,Q1
MCIWEST,MCAS Yuma,38474,WATER TANK,7/1/2005,196.76,207.80,98,,,,3899,,98,N,Q1
MCIWEST,MCAS Yuma,38475,OFFICE/GENERAL STORE,7/1/1998,7557.44,1022.44,89,76.5,3/21/2017,1204493.9,3899,308.923801,76.5,Y,Q2
MCIWEST,MCAS Yuma,38476,BOAT DOCK,7/1/1979,4011.84,586.88,68,,,,3899,,68,N,Q3
MCIWEST,MCAS Yuma,38477,PUBLIC TOILET - RV SITE,7/1/1998,12511.65,2328.55,85,70,3/21/2017,,3899,,70,Y,Q2
MCIWEST,MCAS Yuma,38478,RECREATION CABIN,7/1/1997,8855.44,2466.29,89,,,,3899,,89,N,Q1
MCIWEST,MCAS Yuma,38479,RECREATION CABIN,7/1/1997,12518.10,2739.28,86,,,,3899,,86,N,Q1
MCIWEST,MCAS Yuma,38480,RECREATION CABIN,7/1/1997,13920.79,2508.66,83,,,,3899,,83,N,Q1
MCIWEST,MCAS Yuma,38926,SONORAN PUEBLO CONSOLIDATED CLUB/SMP,7/1/2000,782616.89,185659.83,89,89,3/20/2017,264811.32,3899,67.91775327,89,Y,Q1
MCIWEST,MCAS Yuma,39532,BASE OPERATIONS/AFTERBURNER RESTAURANT,7/6/1966,155802.40,19390.13,80,75,3/20/2017,3168376.06,3899,812.6124801,75,Y,Q2
MCIWEST,MCAS Yuma,985794,INNS OF THE CORPS YUMA,11/7/2008,110320.40,13853.07,92,85,3/21/2017,,3899,,85,Y,Q1
MCIWEST,MCAS Yuma,985798,INNS OF THE CORPS YUMA,11/7/2008,110320.40,13853.07,92,,,,3899,,92,N,Q1
MCIWEST,MCAS Yuma,988723,MARQUEE SIGN,4/7/2009,748.65,173.52,93,,,,3899,,93,N,Q1
MCIWEST,MCB Pendleton,1010443,TRANSIENT LODGING FAC (TLF) ($MC),6/15/2009,2137585.50,252296.26,91,93,9/18/2017,,35661,,93,Y,Q1
MCIWEST,MCB Pendleton,1010445,PICNIC PAVILION @TLF 202870 ($MC),6/15/2009,3810.80,230.66,93,,,,35661,,93,N,Q1
MCIWEST,MCB Pendleton,1087434,CANOPY @MCX GAS STN 1327 ($MC),9/13/1965,325328.85,2337.81,45,,,,35661,,45,N,Q4
MCIWEST,MCB Pendleton,1110301,MWR OPERATED CAR WASH VACUUM & DRYING STATION,11/1/2011,16557.30,15752.04,95,93,9/12/2017,,35661,,93,Y,Q1
MCIWEST,MCB Pendleton,1110303,OWS AT MCCS CAR WASH 13079 ($MC),11/1/2010,6565.62,4757.38,94,,,,35661,,94,N,Q1
MCIWEST,MCB Pendleton,1138253,"MCX BIG BOX EXCHANGE ($MC), ADMIN ($MA)",5/3/2012,3451465.64,189019.12,93,94.5,9/21/2017,,35661,,94.5,Y,Q1
MCIWEST,MCB Pendleton,1138257,SE TRASH ENCL @MCX 2010 ($MC),5/3/2012,0.00,56.72,100,,,,35661,,100,N,Q1
MCIWEST,MCB Pendleton,1138283,SECURITY GATES @MCX 2010 ($MC),5/3/2012,0.00,168.66,100,,,,35661,,100,N,Q1
MCIWEST,MCB Pendleton,1138295,STANDBY GEN 200KW @MCX 2010 ($MC),5/3/2012,0.00,5118.84,100,,,,35661,,100,N,Q1
MCIWEST,MCB Pendleton,1138300,PV ARRAYS 162KW @MCX 2010 ($MC),5/3/2012,0.00,3831.87,100,,,,35661,,100,N,Q1
MCIWEST,MCB Pendleton,1138334,IRRIG LINES @MCX 2010 ($MC),5/3/2012,0.00,13309.19,100,,,,35661,,100,N,Q1
MCIWEST,MCB Pendleton,1156124,"12K GA UST 1, UNL 87 @EXCH 330360 ($MC)",7/1/1987,0.00,13839.48,100,,,,35661,,100,N,Q1
MCIWEST,MCB Pendleton,1156125,"12K GA UST 2, UNL 89 @EXCH 330360 ($MC)",7/1/1987,0.00,13839.48,100,,,,35661,,100,N,Q1
MCIWEST,MCB Pendleton,1156267,"20K GA UST 1, UNL 91 @GAS STN 20842 ($MC)",3/1/2001,0.00,23065.81,100,,,,35661,,100,N,Q1
MCIWEST,MCB Pendleton,1156268,"20K GA UST 2, UNL 89 @GAS STN 20842 ($MC)",3/1/2001,0.00,23065.81,100,,,,35661,,100,N,Q1
MCIWEST,MCB Pendleton,1156430,"12K GA UST 1, UNL 87 WHITE CAPS @51091 ($MC)",7/1/1995,0.00,13839.48,100,,,,35661,,100,N,Q1
MCIWEST,MCB Pendleton,1156431,"12K GA UST 2, UNL 89 BLUE CAPS @51091 ($MC)",7/1/1995,0.00,13839.48,100,,,,35661,,100,N,Q1
MCIWEST,MCB Pendleton,1156432,"12K GA UST 3, UNL 91 RED CAPS @51091 ($MC)",7/1/1995,0.00,13839.48,100,,,,35661,,100,N,Q1
MCIWEST,MCB Pendleton,1156438,"12K GA UST 5, UNL 91, RED OPW @1327 ($MC)",7/6/1995,0.00,13839.48,100,,,,35661,,100,N,Q1
MCIWEST,MCB Pendleton,1156475,"12K GA UST 6, DIESEL, GREEN OPW @1327 ($MC)",7/6/1995,0.00,13839.48,100,,,,35661,,100,N,Q1
MCIWEST,MCB Pendleton,1156476,"10K GA UST 4, DIESEL GREEN CAPS @51091 ($MC)",7/1/1995,0.00,11532.90,100,,,,35661,,100,N,Q1
MCIWEST,MCB Pendleton,1156477,"300 GA AST 1, WASTE OIL @51091 ($MC)",7/1/1995,0.00,19.96,100,,,,35661,,100,N,Q1
MCIWEST,MCB Pendleton,1156494,"20K GA UST 3, UNL 87 @GAS STN 20842 ($MC)",3/1/2001,0.00,23065.81,100,,,,35661,,100,N,Q1
MCIWEST,MCB Pendleton,1156547,"15K GA UST 1, UNL 89, BLUE OPW @1327 ($MC)",7/6/1995,0.00,17299.36,100,,,,35661,,100,N,Q1
MCIWEST,MCB Pendleton,1156548,"15K GA UST 2, UNL 87, WHITE OPW @1327 ($MC)",7/6/1995,0.00,17299.36,100,,,,35661,,100,N,Q1
MCIWEST,MCB Pendleton,1156549,"15K GA UST 3, UNL 87, WHITE OPW @1327 ($MC)",7/6/1995,0.00,17299.36,100,,,,35661,,100,N,Q1
MCIWEST,MCB Pendleton,1156550,"12K GA UST 4, UNL 91, RED OPW @1327 ($MC)",7/6/1995,0.00,13839.48,100,,,,35661,,100,N,Q1
MCIWEST,MCB Pendleton,1167322,ELECTRONIC / CMU SIGN @SVC STN 1327 ($MC),2/18/2013,0.00,185.21,100,,,,35661,,100,N,Q1
MCIWEST,MCB Pendleton,1170879,MCX GAS STN ELECTRONIC / CMU SIGN ($MC),6/25/2013,0.00,185.21,100,,,,35661,,100,N,Q1
MCIWEST,MCB Pendleton,1170881,MCX GAS STN CANOPY ($MC),7/1/2013,0.00,3044.02,100,,,,35661,,100,N,Q1
MCIWEST,MCB Pendleton,1188424,RECON BN EXCHANGE ($MC),7/31/2013,89264.34,22642.20,91,90,9/14/2017,,35661,,90,Y,Q1
MCIWEST,MCB Pendleton,1194004,MCCS LAUNDRY BUILDING @COTTAGES ($MC),2/27/2014,11379.96,3948.47,94,,,,35661,,94,N,Q1
MCIWEST,MCB Pendleton,1194017,TRASH ENCLOSURE @LAUNDRY 2100B1 ($MC),2/27/2014,0.00,62.12,100,,,,35661,,100,N,Q1
MCIWEST,MCB Pendleton,1194018,"BEACH COTTAGE 1, UNIT 620A ($MC)",2/27/2014,9164.64,4948.12,94,,,,35661,,94,N,Q1
MCIWEST,MCB Pendleton,1194019,"BEACH COTTAGE 2, UNIT 621A ($MC)",2/27/2014,9164.64,4948.12,94,,,,35661,,94,N,Q1
MCIWEST,MCB Pendleton,1194020,"BEACH COTTAGE 3, UNIT 622A ($MC)",2/27/2014,9164.64,4948.12,94,,,,35661,,94,N,Q1
MCIWEST,MCB Pendleton,1194021,"BEACH COTTAGE 4, UNIT 623A ($MC)",2/27/2014,9164.64,4948.12,94,,,,35661,,94,N,Q1
MCIWEST,MCB Pendleton,1194022,"BEACH COTTAGE 5, UNIT 624A ($MC)",2/27/2014,9164.64,4948.12,94,98,9/13/2017,,35661,,98,Y,Q1
MCIWEST,MCB Pendleton,1194023,"BEACH COTTAGE 6, UNIT 625A ($MC)",2/27/2014,9164.64,4948.12,94,,,,35661,,94,N,Q1
MCIWEST,MCB Pendleton,1194024,"BEACH COTTAGE 7, UNIT 626A ($MC)",2/27/2014,9164.64,4948.12,94,,,,35661,,94,N,Q1
MCIWEST,MCB Pendleton,1208754,MCCS VENUE AND VENDORS,8/29/2014,221255.16,28761.82,93,100,9/9/2017,,35661,,100,Y,Q1
MCIWEST,MCB Pendleton,1208862,TRASH ENCLOSURE @REC CTR 2100 ($MC),8/29/2014,0.00,80.21,100,,,,35661,,100,N,Q1
MCIWEST,MCB Pendleton,1437170,EXCHANGE RETAIL STORE ($MC),4/15/2021,0.00,,100,100,2/9/2022,,35661,,100,Y,Q1
MCIWEST,MCB Pendleton,1447933,EXCHANGE GAS/SERVICE AND AUTO REPAIR STATION,6/15/2007,,,100,99,2/16/2022,2581689.24,35661,72.39531253,99,Y,Q1
MCIWEST,MCB Pendleton,18650,TRANSIENT GENERALS QTRS  ($MC),2/1/1943,379726.92,22409.32,82,,,,35661,,82,N,Q1
MCIWEST,MCB Pendleton,18801,WEST SIDE HORSE SHELTER ($MC),7/1/2001,66179.43,2232.29,73,,,,35661,,73,N,Q2
MCIWEST,MCB Pendleton,18802,"HORSE SHELTER, OPEN PADDOCK ($MC)",7/1/2001,13904.41,974.09,87,,,,35661,,87,N,Q1
MCIWEST,MCB Pendleton,18884,4-UNIT TACK STORAGE BARN ($MC),7/1/2001,2634.32,272.53,87,,,,35661,,87,N,Q1
MCIWEST,MCB Pendleton,18895,1-UNIT TACK STORAGE BARN ($MC),7/1/2004,645.96,72.40,88,,,,35661,,88,N,Q1
MCIWEST,MCB Pendleton,21377,"CLASSROOMS ($MA), BOWLING CENTER ($MC)",7/1/1971,1295005.60,183385.28,83,94,9/12/2017,,35661,,94,Y,Q1
MCIWEST,MCB Pendleton,21599,MCCS ADMIN ($MA) / FAMILY DENTAL ($MC),7/1/1981,148673.64,39286.49,88,,,,35661,,88,N,Q1
MCIWEST,MCB Pendleton,22474,"HORSE SHELTER, 8 STALLS ($MC)",7/1/2001,52141.44,1978.61,76,,,,35661,,76,N,Q2
MCIWEST,MCB Pendleton,22485,"HORSE SHELTER, 6 STALLS ($MC)",7/1/2004,38504.40,1461.13,76,,,,35661,,76,N,Q2
MCIWEST,MCB Pendleton,22488,8-UNIT TACK STORAGE BARN ($MC),7/1/2001,6009.51,621.71,87,,,,35661,,87,N,Q1
MCIWEST,MCB Pendleton,22490,BARN TACK STORAGE,7/1/2001,3985.67,412.34,87,,,,35661,,87,N,Q1
MCIWEST,MCB Pendleton,22491,"HORSE SHELTER, 9 STALLS ($MC)",7/1/2001,60720.25,2211.99,75,,,,35661,,75,N,Q2
MCIWEST,MCB Pendleton,22492,"HORSE SHELTER, 5 STALLS ($MC)",7/1/2001,33424.00,1217.61,75,,,,35661,,75,N,Q2
MCIWEST,MCB Pendleton,22494,"HORSE SHELTER, 6 STALLS ($MC)",7/1/2001,42002.74,1471.28,74,,,,35661,,74,N,Q2
MCIWEST,MCB Pendleton,22495,BARN TACK STORAGE,7/1/2004,6009.51,621.71,87,,,,35661,,87,N,Q1
MCIWEST,MCB Pendleton,22496,BARN TACK STORAGE,7/1/2004,4292.26,412.34,86,,,,35661,,86,N,Q1
MCIWEST,MCB Pendleton,22497,BARN TACK STORAGE,7/1/2004,4344.06,417.31,86,,,,35661,,86,N,Q1
MCIWEST,MCB Pendleton,22498,"HORSE SHELTER, 6 STALLS ($MC)",7/1/2004,40387.25,1471.28,75,,,,35661,,75,N,Q2
MCIWEST,MCB Pendleton,22706,BOQ,4/15/1970,8374608.53,468210.06,81,,,,35661,,81,N,Q1
MCIWEST,MCB Pendleton,23036,FAST FOOD RESTAURANT ($MC),1/1/1985,206718.67,28635.99,81,,,,35661,,81,N,Q1
MCIWEST,MCB Pendleton,23122,MCX SUPPLEMENTAL GAS STATION ($MC),7/1/1958,82276.19,3273.57,39,100,2/16/2022,,35661,,100,Y,Q1
MCIWEST,MCB Pendleton,23130,MCX EXCHANGE SVCS ($MC),7/1/2003,399762.00,15210.14,85,81.5,9/14/2017,,35661,,81.5,Y,Q1
MCIWEST,MCB Pendleton,23501,LOCATION EXCHANGE ($MC),4/30/1984,115176.16,8216.66,84,79,9/12/2017,,35661,,79,Y,Q2
MCIWEST,MCB Pendleton,23685,RV PARKING LOT ($MC),7/1/2006,22858.91,90330.95,99,,,,35661,,99,N,Q1
MCIWEST,MCB Pendleton,23688,SELF STORAGE ($MC),8/30/2007,244029.12,69636.12,92,,,,35661,,92,N,Q1
MCIWEST,MCB Pendleton,23689,SELF STORAGE,8/30/2007,251549.52,71782.12,92,,,,35661,,92,N,Q1
MCIWEST,MCB Pendleton,23690,SELF STORAGE,8/30/2007,269305.20,76848.89,92,,,,35661,,92,N,Q1
MCIWEST,MCB Pendleton,23691,SELF STORAGE,8/30/2007,164606.56,46972.10,92,,,,35661,,92,N,Q1
MCIWEST,MCB Pendleton,23692,SELF STORAGE,8/30/2007,117709.48,38388.07,93,,,,35661,,93,N,Q1
MCIWEST,MCB Pendleton,23693,SELF STORAGE,8/30/2007,227433.36,74171.84,93,,,,35661,,93,N,Q1
MCIWEST,MCB Pendleton,24104,MCX FAST FOOD RESTAURANT ($MC),1/1/1995,64678.40,17088.68,90,,,,35661,,90,N,Q1
MCIWEST,MCB Pendleton,24105,MCX VEHICLE SVC STN ($MC),9/19/1995,91646.10,15887.73,86,,,,35661,,86,N,Q1
MCIWEST,MCB Pendleton,24179,BARN TACK STORAGE,7/1/2004,3292.90,340.67,87,,,,35661,,87,N,Q1
MCIWEST,MCB Pendleton,24249,"HORSE SHELTER, 10 STALLS ($MC)",7/1/2004,67944.15,2291.81,73,,,,35661,,73,N,Q2
MCIWEST,MCB Pendleton,24973,PAY CAR WASH ($MC),10/1/1990,80099.20,10563.61,84,73,9/12/2017,,35661,,73,Y,Q2
MCIWEST,MCB Pendleton,24975,WARD LODGING FACILITY ($MC),4/15/1986,2501767.36,166095.08,84,91,9/12/2017,,35661,,91,Y,Q1
MCIWEST,MCB Pendleton,25022,CLASSROOM ($MA) / FAST FOOD ($MC),7/1/1965,352036.80,29658.44,76,,,,35661,,76,N,Q2
MCIWEST,MCB Pendleton,25123,"HORSE SHELTER, 11 STALLS ($MC)",7/1/2004,64013.49,2159.23,73,,,,35661,,73,N,Q2
MCIWEST,MCB Pendleton,25124,"HORSE SHELTER, 10 STALLS ($MC)",7/1/2004,67382.55,2272.87,73,,,,35661,,73,N,Q2
MCIWEST,MCB Pendleton,25125,7-UNIT TACK STORAGE BARN ($MC),7/1/2004,4644.25,480.48,87,,,,35661,,87,N,Q1
MCIWEST,MCB Pendleton,25272,"HORSE SHELTER, 5 STALLS ($MC)",7/1/2001,33145.50,1207.46,75,,,,35661,,75,N,Q2
MCIWEST,MCB Pendleton,25294,"HORSE SHELTER, 8 STALLS ($MC)",7/1/2001,57756.51,1948.17,73,,,,35661,,73,N,Q2
MCIWEST,MCB Pendleton,25341,"EXCH STORES ($MC), ADMIN ($MA), WHSE ($MA)",6/1/1972,538565.80,61474.02,80,100,9/12/2017,,35661,,100,Y,Q1
MCIWEST,MCB Pendleton,25342,MCX RETAIL SERVICES ($MC),11/19/1982,234281.32,19101.28,86,91,9/12/2017,,35661,,91,Y,Q1
MCIWEST,MCB Pendleton,25343,FOOD ($MC); BARBER/DMV/ITT TICKET ($MB),3/27/1997,350131.20,46077.30,90,100,9/12/2017,,35661,,100,Y,Q1
MCIWEST,MCB Pendleton,25344,RETAIL FOOD SERVICES ($MC),11/13/2002,156606.36,34349.01,88,,,,35661,,88,N,Q1
MCIWEST,MCB Pendleton,26420,"MCCS AUTO HOBBY SHOP ($MB), TOOL RENTAL ($MC)",4/17/1988,14339.60,1636.78,80,81,9/14/2017,,35661,,81,Y,Q1
MCIWEST,MCB Pendleton,26424,MCX GAS STN/MINI-MART ($MC),9/13/1965,110411.60,17015.29,80,69,9/12/2017,,35661,,69,Y,Q3
MCIWEST,MCB Pendleton,26889,MCX AUTO SERVICE STA ($MC),1/23/1991,171993.78,29658.54,86,,,,35661,,86,N,Q1
MCIWEST,MCB Pendleton,27072,62 AREA EXCHANGE ($MC),7/1/2003,163548.58,28720.13,87,74,9/13/2017,,35661,,74,Y,Q2
MCIWEST,MCB Pendleton,27095,MCX SUPPLEMENTAL SVC STATION ($MC),7/1/1960,296195.26,11784.85,39,84,9/12/2017,,35661,,84,Y,Q1
MCIWEST,MCB Pendleton,27101,"SAN MATEO SMP REC CTR ($MA), FOOD ($MC)",6/11/1981,147383.71,22818.49,83,,,,35661,,83,N,Q1
MCIWEST,MCB Pendleton,27156,STUART MESA LOCATION EXCH ($MC),11/16/1993,186470.56,22404.72,81,84,9/14/2017,,35661,,84,Y,Q1
MCIWEST,MCB Pendleton,27419,MCX CAR WASH DRYING CANOPY ($MC),7/1/1996,30127.44,4540.86,86,,,,35661,,86,N,Q1
MCIWEST,MCB Pendleton,27433,MCX AUTO SERVICES ($MC),8/15/2002,54513.80,13230.68,90,,,,35661,,90,N,Q1
MCIWEST,MCB Pendleton,27434,GAS STN CANOPY @MCX MINI-MART 20842 ($MC),7/1/2000,43498.68,4297.99,96,,,,35661,,96,N,Q1
MCIWEST,MCB Pendleton,27435,GAS STATION / MINI-MART ($MC),3/1/2001,11433.48,2175.11,88,88,9/18/2017,,35661,,88,Y,Q1
MCIWEST,MCB Pendleton,27437,CAR WASH ($MC),8/28/2000,55012.16,7255.08,84,68,9/20/2017,,35661,,68,Y,Q3
MCIWEST,MCB Pendleton,27438,"EXCH RTL, SVC OUTLETS, FOOD SVC ($MC)",2/29/2000,730156.08,52304.76,88,68,9/21/2017,,35661,,68,Y,Q3
MCIWEST,MCB Pendleton,27548,"COTTAGE (LODGING), UNITS 597 A, B ($MC)",7/1/2003,16949.20,5490.65,90,,,,35661,,90,N,Q1
MCIWEST,MCB Pendleton,27549,"COTTAGE (LODGING), UNITS 598 A, B ($MC)",7/1/2003,16949.20,5490.65,90,,,,35661,,90,N,Q1
MCIWEST,MCB Pendleton,27551,"COTTAGE (LODGING), UNITS 600 A, B ($MC)",7/1/2003,13559.36,5490.65,92,,,,35661,,92,N,Q1
MCIWEST,MCB Pendleton,27552,"COTTAGE (LODGING), UNITS 601 A, B ($MC)",7/1/2003,15254.28,5490.65,91,,,,35661,,91,N,Q1
MCIWEST,MCB Pendleton,27553,"COTTAGE (LODGING), UNITS 602 A, B ($MC)",7/1/2003,13559.36,5490.65,92,100,9/19/2017,,35661,,100,Y,Q1
MCIWEST,MCB Pendleton,27554,"COTTAGE (LODGING), UNITS 603 A, B, C ($MC)",5/1/2003,33532.44,9052.29,88,,,,35661,,88,N,Q1
MCIWEST,MCB Pendleton,27555,"COTTAGE (LODGING), UNITS 604 A, B ($MC)",7/1/2003,16949.20,5490.65,90,,,,35661,,90,N,Q1
MCIWEST,MCB Pendleton,27556,"COTTAGE (LODGING), UNITS 605 A, B ($MC)",7/1/2003,15254.28,5490.65,91,,,,35661,,91,N,Q1
MCIWEST,MCB Pendleton,27557,"COTTAGE (LODGING), UNITS 606 A, B ($MC)",7/1/2003,11864.44,5490.65,93,,,,35661,,93,N,Q1
MCIWEST,MCB Pendleton,27686,ADMIN BASE HQ (A),8/14/1968,11357.04,1080.28,76,,,,35661,,76,N,Q2
MCIWEST,MCB Pendleton,28322,"MACS1,MASS3,LAADBN CLASSRM",7/1/1990,9399.81,1455.31,83,77,9/14/2017,,35661,,77,Y,Q2
MCIWEST,MCB Pendleton,28369,"PACIFIC VIEW EVENTS CTR (&MB), FOOD (&MC)",11/11/1975,1455025.28,60545.26,68,88,9/18/2017,,35661,,88,Y,Q1
MCIWEST,MCB Pendleton,28686,MCX SERVICE OUTLET ($MC),4/30/2005,58579.40,12157.24,89,68,9/14/2017,,35661,,68,Y,Q3
MCIWEST,MCB Pendleton,28833,VENDING KIOSK ($MC),7/1/2006,920.04,194.91,98,,,,35661,,98,N,Q1
MCIWEST,MCB Pendleton,28847,RANGE CONTROL BLDG,7/1/1945,27389.00,352.02,80,,,,35661,,80,N,Q1
MCIWEST,MCB Pendleton,28900,LAUNDRY TRAILER @LIBRARY 200090 ($MC),1/1/1998,4644.45,2120.55,95,60,9/18/2017,,35661,,60,Y,Q3
MCIWEST,MCB Pendleton,28953,"COTTAGE (LODGING), UNITS 607 A, B, C ($MC)",5/1/2003,30738.07,9052.29,89,,,,35661,,89,N,Q1
MCIWEST,MCB Pendleton,28984,ADMIN ($SM) / EXCH ($MC) / SMC ($MA),2/2/1962,211310.75,9647.94,75,97,2/7/2022,,35661,,97,Y,Q1
MCIWEST,MCB Pendleton,29073,LOCATION EXCHANGE ($MC),5/25/1982,158763.90,24162.59,85,78,9/18/2017,,35661,,78,Y,Q2
MCIWEST,MCB Pendleton,29164,"COTTAGE (LODGING), UNITS 608 A, B ($MC)",7/1/2003,16949.20,5490.65,90,,,,35661,,90,N,Q1
MCIWEST,MCB Pendleton,29165,"COTTAGE (LODGING), UNITS 609 A, B ($MC)",7/1/2003,15254.28,5490.65,91,100,9/19/2017,,35661,,100,Y,Q1
MCIWEST,MCB Pendleton,29166,"COTTAGE (LODGING), UNITS 610 A, B ($MC)",7/1/2003,15254.28,5490.65,91,,,,35661,,91,N,Q1
MCIWEST,MCB Pendleton,29167,"COTTAGE (LODGING), UNITS 611 A, B ($MC)",7/1/2003,15254.28,5490.65,91,,,,35661,,91,N,Q1
MCIWEST,MCB Pendleton,29168,"COTTAGE (LODGING), UNITS 612 A, B, C ($MC)",5/1/2003,30738.07,9052.29,89,,,,35661,,89,N,Q1
MCIWEST,MCB Pendleton,29169,"COTTAGE (LODGING), UNITS 613 A, B ($MC)",7/1/2003,20339.04,5490.65,88,,,,35661,,88,N,Q1
MCIWEST,MCB Pendleton,29170,"COTTAGE (LODGING), UNITS 614 A, B, C ($MC)",5/1/2003,30738.07,9052.29,89,,,,35661,,89,N,Q1
MCIWEST,MCB Pendleton,29171,"COTTAGE (LODGING), UNITS 615 A, B, C ($MC)",5/1/2003,27943.70,9052.29,90,,,,35661,,90,N,Q1
MCIWEST,MCB Pendleton,29172,"COTTAGE (LODGING), UNITS 616 A, B ($MC)",7/1/2003,18644.12,5490.65,89,,,,35661,,89,N,Q1
MCIWEST,MCB Pendleton,29173,"COTTAGE (LODGING), UNITS 617 A, B ($MC)",7/1/2003,16949.20,5490.65,90,83,9/19/2017,,35661,,83,Y,Q1
MCIWEST,MCB Pendleton,29174,"COTTAGE (LODGING), UNITS 618 A, B ($MC)",7/1/2003,18644.12,5490.65,89,97,9/13/2017,,35661,,97,Y,Q1
MCIWEST,MCB Pendleton,29175,"COTTAGE (LODGING), UNITS 619 A, B ($MC)",7/1/2003,16949.20,5490.65,90,,,,35661,,90,N,Q1
MCIWEST,MCB Pendleton,29233,SAN ONOFRE BEACH CLUB ($MC) (HISTORICAL),7/1/1942,383099.21,77444.34,87,98,9/13/2017,,35661,,98,Y,Q1
MCIWEST,MCB Pendleton,29376,"LAUNDRY ($MC), BATH HOUSE & STORAGE ($MA)",3/13/2000,3479.71,611.06,87,,,,35661,,87,N,Q1
MCIWEST,MCB Pendleton,29386,SAN ONOFRE SVC STN / MINI-MART ($MC),8/25/1975,226838.17,21063.61,87,75,9/13/2017,4080550.93,35661,114.4261499,75,Y,Q2
MCIWEST,MCB Pendleton,29387,"EXCHANGE ($MC), DISTRIB WHSE ($MA)",8/25/1975,854264.62,44322.32,78,100,2/16/2022,21554943.19,35661,604.4402341,100,Y,Q1
MCIWEST,MCB Pendleton,29388,"PASS & ID OFFICE, EXCH ($MC), LIBRARY ($MA)",8/25/1975,344995.35,43239.45,79,,,,35661,,79,N,Q2
MCIWEST,MCB Pendleton,29391,FAST FOOD RESTAURANT ($MC),7/1/1974,115009.05,20180.28,85,,,,35661,,85,N,Q1
MCIWEST,MCB Pendleton,29392,MWR RETAIL FOOD SERVICE ($MC) (VACANT),5/1/1994,140996.70,24740.24,85,,,,35661,,85,N,Q1
MCIWEST,MCB Pendleton,29410,IDEVICE PROS ELECTRONIC REPAIRS ($MC),7/1/2006,4588.70,1047.54,90,,,,35661,,90,N,Q1
MCIWEST,MCB Pendleton,29442,MCX CONVENIENCE STORE ($MC),7/1/2005,9559.80,2182.38,90,93,2/9/2022,24538948.78,35661,688.1172368,93,Y,Q1
MCIWEST,MCB Pendleton,29520,MCX GAS STATION ($MC),7/1/1960,354337.12,25293.79,66,,,,35661,,66,N,Q3
MCIWEST,MCB Pendleton,29626,GENERAL WAREHOUSE  ($MC),7/1/1947,1391699.20,120169.67,68,,,,35661,,68,N,Q3
MCIWEST,MCB Pendleton,29706,"ITT TICKET ($MB), VET & FOOD-SERVICE ($MC)",11/13/2002,79723.20,12402.46,92,80,9/20/2017,,35661,,80,Y,Q1
MCIWEST,MCB Pendleton,29854,BEACH VENDING KIOSK ($MC),7/1/2006,862.88,182.80,98,,,,35661,,98,N,Q1
MCIWEST,MCB Pendleton,30063,BEACH BATH HOUSE ($MA) AND LAUNDRY ($MC),1/1/1996,6131.06,1076.64,87,87,9/19/2017,,35661,,87,Y,Q1
MCIWEST,MCB Pendleton,30066,BEACH LOCATION EXCHANGE ($MC) (TBD 2020),7/1/1974,315702.00,30029.56,76,73,9/20/2017,,35661,,73,Y,Q2
MCIWEST,MCB Pendleton,30067,BARBERSHOP/LAUNDRY ($MC),9/3/2002,45491.84,6490.76,84,68,,,35661,,68,Y,Q3
MCIWEST,MCB Pendleton,30068,COFFEE SHOP ($MC),7/1/2003,6811.31,818.40,81,,,,35661,,81,N,Q1
MCIWEST,MCB Pendleton,30070,BAR AND RESTAURANTS ($MC) (TBD 2020),7/1/1974,291061.42,29464.40,74,,,,35661,,74,N,Q2
MCIWEST,MCB Pendleton,30410,MCX CAR WASH ($MC),1/1/1996,22890.00,3450.02,86,90,9/13/2017,,35661,,90,Y,Q1
MCIWEST,MCB Pendleton,30496,Q-HUT LOC EXCH (MCR) ($MC),7/1/1949,45772.08,4353.84,76,62,,,35661,,62,Y,Q3
MCIWEST,MCB Pendleton,30529,LOCATION EXCHANGE ($MC),6/3/1987,693727.24,41676.19,81,88,9/12/2017,,35661,,88,Y,Q1
MCIWEST,MCB Pendleton,30780,"COTTAGE (LODGING), UNITS 591 A, B ($MC)",7/1/2003,15254.28,5490.65,91,,,,35661,,91,N,Q1
MCIWEST,MCB Pendleton,30781,"COTTAGE (LODGING), UNITS 592 A, B ($MC)",7/1/2003,18644.12,5490.65,89,,,,35661,,89,N,Q1
MCIWEST,MCB Pendleton,30782,"COTTAGE (LODGING), UNITS 593 A, B ($MC)",7/1/2003,18644.12,5490.65,89,,,,35661,,89,N,Q1
MCIWEST,MCB Pendleton,30783,"COTTAGE (LODGING), UNITS 594 A, B ($MC)",7/1/2003,16949.20,5490.65,90,,,,35661,,90,N,Q1
MCIWEST,MCB Pendleton,30784,"COTTAGE (LODGING), UNITS 595 A, B, C ($MC)",5/1/2003,33532.44,9052.29,88,,,,35661,,88,N,Q1
MCIWEST,MCB Pendleton,30785,"COTTAGE (LODGING), UNITS 596 A, B ($MC)",7/1/2003,16949.20,5490.65,90,,,,35661,,90,N,Q1
MCIWEST,MCB Pendleton,30928,SAN LUIS REY ALL HANDS CLUB ($MC),7/1/1944,2023006.80,164183.52,66,92,9/11/2017,,35661,,92,Y,Q1
MCIWEST,MCB Pendleton,30928,SAN LUIS REY ALL HANDS CLUB ($MC),7/1/1944,4046013.60,164183.52,66,84,9/18/2017,,35661,,84,Y,Q1
MCIWEST,MCB Pendleton,30933,GOLF CLUB HOUSE ($MC),7/1/1949,669005.28,177727.49,84,87,9/12/2017,,35661,,87,Y,Q1
MCIWEST,MCB Pendleton,30935,GOLF COURSE SNACK BAR ($MC),7/1/1961,19930.95,5828.70,91,,,,35661,,91,N,Q1
MCIWEST,MCB Pendleton,30938,GOLF COURSE ($MC),7/1/1949,827073.00,81665.72,80,,,,35661,,80,N,Q1
MCIWEST,MCB Pendleton,31021,PIZZA PARLOR / BARBER SHOP ($MC),7/1/1974,216921.75,18896.10,85,,,,35661,,85,N,Q1
MCIWEST,MCB Pendleton,31023,52 AREA EXCH / BARBER SHOP ($MC),7/1/2003,151713.72,14431.01,88,82,9/13/2017,,35661,,82,Y,Q1
MCIWEST,MCB Pendleton,31024,"LOC EXCH ($MC), ITT TRAVEL ($MB) (TBD 2020)",7/1/1974,261985.50,19936.04,85,79,9/13/2017,,35661,,79,Y,Q2
MCIWEST,MCB Pendleton,31264,USPS / EXCH ($MC) / TNG ($MA),7/1/1942,307724.31,20661.68,83,72,9/11/2017,,35661,,72,Y,Q2
MCIWEST,MCB Pendleton,31362,"LAS PULGAS SMP ($MA), RETAIL FOOD ($MC)",4/1/1985,97735.12,18374.20,86,,,,35661,,86,N,Q1
MCIWEST,MCB Pendleton,34510,WAREHOUSE / EXCHANGE ($MC),4/27/1967,196359.30,13438.88,81,,,,35661,,81,N,Q1
MCIWEST,MCB Pendleton,34994,LOCATION EXCHANGE ($MC),3/20/1981,133970.62,21845.63,86,73,9/14/2017,,35661,,73,Y,Q2
MCIWEST,MCB Pendleton,35005,"HORNO SMP REC CENTER ($MA), FOOD ($MC)",5/19/1981,121576.20,26665.72,88,,,,35661,,88,N,Q1
MCIWEST,MCB Pendleton,550619,WOUNDED WARRIOR CABIN ($MC),2/11/2008,12205.66,2325.87,83,91,,,35661,,91,Y,Q1
MCIWEST,MCB Pendleton,919774,SELF STORAGE,8/30/2007,115348.20,43887.67,94,,,,35661,,94,N,Q1
MCIWEST,MCB Pendleton,919775,SELF STORAGE,8/30/2007,110058.48,35892.88,93,,,,35661,,93,N,Q1
MCIWEST,MCB Pendleton,921138,TEMPORARY LODGING FACILITY,12/9/2002,659037.12,87508.39,92,94,9/12/2017,,35661,,94,Y,Q1
MCIWEST,MCB Pendleton,924221,VENDING KIOSK @BEACH HOUSE 51811 ($MC),7/1/2008,442.32,187.41,99,,,,35661,,99,N,Q1
MCIWEST,MCB Pendleton,984006,PACIFIC PLAZA MCDONALDS ($MC),3/9/2000,112536.56,37024.54,92,,,,35661,,92,N,Q1
MCIWEST,MCB Pendleton,994511,UG TANK#1 PREM UL @GAS STN 430286 ($MC),6/28/1995,3370.80,11532.90,94,,,,35661,,94,N,Q1
MCIWEST,MCB Pendleton,994512,UG TANK#2 REG UL @GAS STN 430286 ($MC),6/28/1995,3370.80,11532.90,94,,,,35661,,94,N,Q1
MCIWEST,MCB Pendleton,994513,UG TANK#1 REG 89 @GAS STN 62508 ($MC),6/28/1995,3370.80,11532.90,94,,,,35661,,94,N,Q1
MCIWEST,MCB Pendleton,994514,"UG TANK#2, REG UL @MCX 62507 ($MC)",6/28/1995,3370.80,11532.90,94,,,,35661,,94,N,Q1
MCIWEST,MCLB Barstow,1043864,"OVERHEAD COVER, MISC  (EXCHANGE)",9/2/2008,684.61,274.24,99,,,,77,,99,N,Q1
MCIWEST,MCLB Barstow,1044692,GARBAGE STAND-OBANNON RD AND SAIPAN,11/6/2009,42.07,24.73,93,,,,77,,93,N,Q1
MCIWEST,MCLB Barstow,1071474,SATELLITE EXCHANGE-IN MDMC,12/22/2010,60491.28,20170.60,92,95,7/18/2017,2407659.33,77,31268.30299,95,Y,Q1
MCIWEST,MCLB Barstow,1237389,GOLF CLUB HOUSE,4/28/2015,5523.95,23797.11,99,98,7/18/2017,315306.2,77,4094.885714,98,Y,Q1
MCIWEST,MCLB Barstow,1278415,VEHICLE EQUIPMENT READY FUEL STORAGE (UST),7/1/1999,7490.70,15585.01,90,,,,77,,90,N,Q1
MCIWEST,MCLB Barstow,1278416,VEHICLE EQUIPMENT READY FUEL STORAGE (UST),7/1/1999,7490.70,15585.01,90,,,,77,,90,N,Q1
MCIWEST,MCLB Barstow,1297018,MWR VEHICLE/RV/BOAT STORAGE COMPOUND,6/30/1949,36805.60,7370.47,80,,,,77,,80,N,Q1
MCIWEST,MCLB Barstow,1323674,PUBLIC TOILET GOLF COURSE,5/1/2018,2016.52,1508.29,96,,,,77,,96,N,Q1
MCIWEST,MCLB Barstow,32790,TEMP.LODGE/BACHELOR OFFICER,9/3/1952,610273.29,19909.93,67,83,7/18/2017,,77,,83,Y,Q1
MCIWEST,MCLB Barstow,32935,MARINE CORPS COMMUNITY SERVICES/TLF,6/30/1947,934774.72,45745.00,78,,,,77,,78,N,Q2
MCIWEST,MCLB Barstow,32939,RECREATION PAVILION-GOLF COURSE,11/20/1995,2322.78,166.24,94,,,,77,,94,N,Q1
MCIWEST,MCLB Barstow,32946,PERSONNEL WEATHER SHELTER-GOLF COURSE,11/20/1995,1267.62,195.01,94,,,,77,,94,N,Q1
MCIWEST,MCLB Barstow,32948,RECREATIONAL CAMPGROUND-RV,2/17/2006,11711.30,22569.43,98,,,,77,,98,N,Q1
MCIWEST,MCLB Barstow,32957,GOLF COURSE,12/30/1951,918970.00,91965.90,80,,,-55311.34,77,-718.3290909,80,N,Q1
MCIWEST,MCLB Barstow,32963,"FILLING STATION AND OVERHEAD COVER, MCX",6/30/1999,111018.00,15364.71,92,,,,77,,92,N,Q1
MCIWEST,MCLB Barstow,33467,GOLF COURSE GROUNDS SHED,2/14/1969,29493.52,1673.39,72,,,,77,,72,N,Q2
MCIWEST,MCLB Barstow,33482,ROUTE 66 CAFE-FAMILY RESTAURANT,9/24/1970,390414.66,54813.59,81,97,7/18/2017,,77,,97,Y,Q1
MCIWEST,MCLB Barstow,33483,MARINE CORPS EXCHANGE,5/10/1973,338119.60,18076.03,86,72,7/18/2017,0,77,0,72,Y,Q2
MCIWEST,MCLB Barstow,34618,GOLF CART MAINTENANCE SHED,8/16/1983,21972.60,1908.16,80,,,,77,,80,N,Q1
MCIWEST,MCLB Barstow,34619,GOLF COURSE EQUIP MAINT SHED,8/16/1983,19775.34,1908.16,82,,,,77,,82,N,Q1
MCIWEST,MCLB Barstow,34620,LEATHERNECK LANES,3/31/1981,205230.35,37351.41,87,81,7/19/2017,0,77,0,81,Y,Q1
MCIWEST,MCLB Barstow,34622,GOLF CART STORAGE SHED,9/30/2003,53724.99,21040.61,89,,,,77,,89,N,Q1
MCIWEST,MCLB Barstow,35202,RECREATIONAL(RV) CAMPGROUND,7/1/1995,35133.90,22569.43,94,,,1454830.08,77,18893.89714,94,N,Q1
MCIWEST,MCLB Barstow,35203,RECREATIONAL(RV) CAMPGROUND,3/28/1996,35133.90,22569.43,94,,,,77,,94,N,Q1
MCIWEST,MCLB Barstow,35699,ALL HANDS CLUB,7/1/1952,796332.60,79538.46,72,87,7/19/2017,,77,,87,Y,Q1
MCIWEST,MCLB Barstow,985425,MARINE CORPS EXCHANGE-YERMO,11/13/2008,49569.17,16384.24,93,96,7/18/2017,3472227.97,77,45093.86974,96,Y,Q1
NONE,Garden City,45599,HQ 1MCD BUILDING,7/1/1923,953311.68,72101.91,77,,,,350,,77,N,Q2
SLTI,MCAGCC 29 Palms,1043841,LOCATION EXCHANGE,4/2/2010,116376.08,11106.22,92,88,5/26/2017,27972736.17,10483,2668.390362,88,Y,Q1
SLTI,MCAGCC 29 Palms,1043842,FUEL DISPENSING CANOPY,2/5/2010,61341.39,2730.17,91,,,,10483,,91,N,Q1
SLTI,MCAGCC 29 Palms,1086138,EXCHANGE RETAIL,5/26/2011,2255459.49,197360.00,91,94,5/26/2017,287968989.6,10483,27470.09345,94,Y,Q1
SLTI,MCAGCC 29 Palms,1132917,MARINE MART GAS TANKS,2/5/2010,12484.50,25975.01,90,,,52195427.96,10483,4979.054465,90,N,Q1
SLTI,MCAGCC 29 Palms,1161435,RV/BOAT STORAGE COMPOUND,7/1/2012,136912.50,24938.45,90,,,501462,10483,47.83573405,90,N,Q1
SLTI,MCAGCC 29 Palms,1213015,MCCS OCOTILLO MARINE MART,9/17/2014,0.00,17920.26,100,99,5/26/2017,8662000.05,10483,826.2901889,99,Y,Q1
SLTI,MCAGCC 29 Palms,1213022,MCCS OCOTILLO MARINE MART SIGN,9/17/2014,0.00,208.56,100,,,,10483,,100,N,Q1
SLTI,MCAGCC 29 Palms,1213024,MCCS OCOTILLO MARINE MART OVERHEAD COVER,9/7/2014,0.00,1066.47,100,,,15440955.2,10483,1472.951941,100,N,Q1
SLTI,MCAGCC 29 Palms,1213029,MCCS OCOTILLO MARINE MART FUEL TANK,9/7/2014,0.00,15585.01,100,,,,10483,,100,N,Q1
SLTI,MCAGCC 29 Palms,1213031,MCCS OCOTILLO MARINE MART FUEL TANK,9/7/2014,0.00,10390.00,100,,,,10483,,100,N,Q1
SLTI,MCAGCC 29 Palms,1213042,MCCS OCOTILLO MARINE MART FILLING STATION,9/17/2014,0.00,29822.90,100,,,,10483,,100,N,Q1
SLTI,MCAGCC 29 Palms,1402894,TEMPORARY LODGING FACILITY,6/19/2020,0.00,266820.43,100,,,,10483,,100,N,Q1
SLTI,MCAGCC 29 Palms,36567,MARQUEE,7/1/1996,719.70,208.56,94,,,,10483,,94,N,Q1
SLTI,MCAGCC 29 Palms,36583,EXCHANGE WAREHOUSE,8/31/1998,359139.88,35145.17,89,83,5/26/2017,21463407.57,10483,2047.448972,83,Y,Q1
SLTI,MCAGCC 29 Palms,39559,DI CARLO'S ITALIAN CAFE,4/2/1990,93856.10,25322.50,90,,,661482.18,10483,63.10046552,90,N,Q1
SLTI,MCAGCC 29 Palms,42224,"""O"" CLUB STORAGE",7/1/1985,39467.64,9198.15,88,,,,10483,,88,N,Q1
SLTI,MCAGCC 29 Palms,42225,OFFICERS CLUB/CONFCTR/RESTUR,11/16/1954,788280.80,140578.40,84,88,7/27/2017,2185012.89,10483,208.4339302,88,Y,Q1
SLTI,MCAGCC 29 Palms,42240,BOWLING CENTER,7/1/1977,738952.56,92392.78,81,85,5/26/2017,1864165.62,10483,177.827494,85,Y,Q1
SLTI,MCAGCC 29 Palms,42668,MCCS MARQUEE,7/1/2005,239.90,208.56,98,,,,10483,,98,N,Q1
SLTI,MCAGCC 29 Palms,42675,SMP/THE ZONE/DOMINOS,7/1/1957,555392.04,44476.16,62,,,2541154.44,10483,242.4071773,62,N,Q3
SLTI,MCAGCC 29 Palms,43329,CUSTOMER OPERATED CAR WASH,10/21/1992,33618.53,14734.42,89,,,1293530.26,10483,123.3931375,89,N,Q1
SLTI,MCAGCC 29 Palms,43332,EXCHANGE INSTALLATION WAREHOUSE,7/1/1986,244882.72,8439.15,84,,,919535.82,10483,87.71685777,84,N,Q1
SLTI,MCAGCC 29 Palms,44626,YOUTH CENTER,7/1/1988,292092.45,33235.35,87,,,-110505.18,10483,-10.54136984,87,N,Q1
SLTI,MCAGCC 29 Palms,44869,CAMP WILSON EXCHANGE,12/13/2010,296799.12,57226.05,88,85,5/26/2017,50879949.49,10483,4853.567632,85,Y,Q1
SLTI,MCAGCC 29 Palms,44882,WARRIOR CLUB,7/1/1994,463473.66,99706.25,87,,,24483015.81,10483,2335.497072,87,N,Q1
SLTI,MCAGCC 29 Palms,45643,JERSEY MIKE'S/GAME STOP,2/22/1983,165339.24,18016.91,88,,,1719163.18,10483,163.9953429,88,N,Q1
SLTI,MCAGCC 29 Palms,45648,MCCS VENDOR & FITNESS ROOM,7/1/1962,147976.94,23717.25,81,,,150274.76,10483,14.3350911,81,N,Q1
SLTI,MCAGCC 29 Palms,45846,GOLF COURSE,2/15/1962,982563.40,50742.99,80,,,-2841329.03,10483,-271.041594,80,N,Q1
SLTI,MCAGCC 29 Palms,45848,GOLF COURSE CLUBHOUSE,7/1/2004,58194.78,17907.32,86,94,5/26/2017,234084.01,10483,22.32986836,94,Y,Q1
SLTI,MCAGCC 29 Palms,45850,GOLF BALL DISPENSER SHELTER,7/1/2004,2946.10,524.30,90,,,,10483,,90,N,Q1
SLTI,MCAGCC 29 Palms,46558,BILLBOARD MCX,7/1/1987,1079.55,208.56,91,,,,10483,,91,N,Q1
SLTI,MCAGCC 29 Palms,46738,ALL HANDS CLUB/GET WET SCUBA,7/1/1957,831856.58,68082.29,83,78,7/27/2017,3105885.55,10483,296.2783125,78,Y,Q2
SLTI,MCAGCC 29 Palms,46947,MCCS MAINT,7/1/1976,117658.70,32286.36,83,,,,10483,,83,N,Q1
SLTI,MCAGCC 29 Palms,46948,HAZARD WASTE STORAGE,9/1/1994,35916.06,6083.95,94,,,,10483,,94,N,Q1
SLTI,MCAGCC 29 Palms,47808,GOLF COURSE IRRIG. MAINT,7/1/2004,59458.08,5424.51,56,,,,10483,,56,N,Q4
SLTI,MCAGCC 29 Palms,47876,TEMPORARY LODGING FACILITY,7/1/1985,857042.06,65907.30,86,78,5/26/2017,12299268.26,10483,1173.258443,78,Y,Q2
SLTI,MCAGCC 29 Palms,47883,TWILIGHT DUNES RV PARK,7/1/1985,175669.50,22569.43,70,,,4762997.92,10483,454.354471,70,N,Q2
SLTI,MCAGCC 29 Palms,48183,COYOTE CAFE,7/1/1988,233742.04,15989.98,86,76,5/26/2017,19096087.96,10483,1821.62434,76,Y,Q2
SLTI,MCAGCC 29 Palms,48372,HOSPITAL-TWENTYNINE PALMS,12/15/1994,27687.40,8900.28,87,78,7/17/2017,2079374.55,10483,198.3568206,78,Y,Q2
SLTI,MCAGCC 29 Palms,549079,CONDOR MALL RETAIL EXCHANGE,7/1/1961,1347155.04,89993.95,86,79,5/26/2017,-26696990.33,10483,-2546.693726,79,Y,Q2
SLTI,MCAGCC 29 Palms,983788, EXCHANGE SERVICE OUTLET,6/1/1986,1186.10,274.43,90,,,,10483,,90,N,Q1
SLTI,MCAGCC 29 Palms,986924,CARL'S JR.,4/2/1990,113900.08,37979.55,92,,,1633876.48,10483,155.859628,92,N,Q1
SLTI,MCAGCC 29 Palms,986977,MCCS MARQUEE,8/25/2005,239.90,208.56,98,,,,10483,,98,N,Q1
SLTI,MCRD San Diego,1063332,MINI MART GAS STATION,4/1/2000,12360.24,3529.83,92,84,6/13/2017,53930701.91,1200,44942.25159,84,Y,Q1
SLTI,MCRD San Diego,1368913,RV STORAGE LOT A,7/1/1977,147868.21,34398.71,83,,,7743828.06,1200,6453.19005,83,N,Q1
SLTI,MCRD San Diego,1368914,RV STORAGE LOT C,7/1/2011,101510.40,26763.05,85,,,7743828.06,1200,6453.19005,85,N,Q1
SLTI,MCRD San Diego,1398479,EXCHANGE CAR WASH,7/3/2020,0.00,4505.75,100,,,,1200,,100,N,Q1
SLTI,MCRD San Diego,1398481,CAR WASH CANOPY,7/3/2020,0.00,473.88,100,,,,1200,,100,N,Q1
SLTI,MCRD San Diego,52610,MCCS ADMIN/SERVICES/IT/TRNG,7/1/1921,283261.12,13334.72,84,83,1/12/2016,528764.39,1200,440.6369917,83,Y,Q1
SLTI,MCRD San Diego,52611,MC EXCHANGE,7/1/1922,843172.05,128423.06,85,81,1/12/2016,58158834.79,1200,48465.69566,81,Y,Q1
SLTI,MCRD San Diego,52619,BAY VIEW RESTAURANT,7/1/1938,1528904.88,175205.27,76,79,6/13/2017,8567052.79,1200,7139.210658,79,Y,Q2
SLTI,MCRD San Diego,52623,EXCHANGE WAREHOUSE,7/1/1941,340525.60,22621.94,84,,,,1200,,84,N,Q1
SLTI,MCRD San Diego,52624,MCX WAREHOUSE,7/1/1941,361808.45,22621.94,83,,,,1200,,83,N,Q1
SLTI,MCRD San Diego,52625,MCX CENTRAL/WH/MS/POST OFFICE,7/1/1941,2245447.44,53228.69,64,,,-13212992.65,1200,-11010.82721,64,N,Q3
SLTI,MCRD San Diego,52630,EXCH STOREHOUSE/RETAIL,7/1/1925,1155525.19,77645.91,83,78,1/12/2016,34181845.22,1200,28484.87102,78,Y,Q2
SLTI,MCRD San Diego,53262,BAYVIEW STORAGE BUILDING,7/1/1943,30701.72,1660.73,71,,,,1200,,71,N,Q2
SLTI,MCRD San Diego,53263,BAYVIEW EMPLOYEE FACILITY,7/1/1943,3774.40,169.16,65,,,,1200,,65,N,Q3
SLTI,MCRD San Diego,53268,MARINA BOAT DOCKS,7/1/1972,517726.80,9932.63,60,,,,1200,,60,N,Q3
SLTI,MCRD San Diego,53269,GENERAL WAREHOUSE,7/1/1951,258767.08,10533.34,74,,,,1200,,74,N,Q2
SLTI,MCRD San Diego,55928,RECRUIT EXCHANGE COMPLEX,7/1/1977,255244.35,19438.08,85,73,6/13/2017,141081915,1200,117568.2625,73,Y,Q2
SLTI,MCRD San Diego,55950,MCX SELF-SERVICE CARWASH,7/1/1980,27262.56,8111.49,84,,,221387.28,1200,184.4894,84,N,Q1
SLTI,MWTC Bridgeport,1274305,COLEVILLE HOUSING STORAGE UNITS,7/1/2009,3260.00,1785.24,96,,,443958.24,250,1775.83296,96,N,Q1
SLTI,MWTC Bridgeport,1321628,COLEVILLE HOUSING STORAGE UNITS,7/1/2009,4767.80,2610.94,96,,,,250,,96,N,Q1
SLTI,MWTC Bridgeport,1321629,COLEVILLE HOUSING STORAGE UNITS,7/1/2009,4041.64,2213.27,96,,,,250,,96,N,Q1
SLTI,MWTC Bridgeport,1322743,MCX MARINE MART - COLEVILLE,5/31/2013,47170.76,15925.48,93,,,742819.35,250,2971.2774,93,N,Q1
SLTI,MWTC Bridgeport,1322779,COLEVILLE HOUSING STORAGE UNITS,7/1/2009,4767.80,2610.94,96,,,,250,,96,N,Q1
SLTI,MWTC Bridgeport,33304,MULTI-PURPOSE COMPLEX,7/1/1990,80566.09,8403.07,89,,,16527456.38,250,66109.82552,89,N,Q1
SLTI,MWTC Bridgeport,33309,PICKEL CHALET,6/30/2003,149985.22,36071.74,89,,,,250,,89,N,Q1
